Time,Value,trend,seasonal,residual,anomaly_score,anomaly_level
2025-07-14 00:00:00+08:00,2392.4649649735443,2262.368522760809,-435.86964873819244,565.966090950928,0.30989871493960036,normal
2025-07-14 00:10:00+08:00,1499.0522545027752,2259.9572942855593,-928.4723997260509,167.56735994326664,0.03003302354684861,normal
2025-07-14 00:20:00+08:00,1916.094303250783,2257.552765623712,-469.2043670147958,127.74590464186713,0.00205939247627821,normal
2025-07-14 00:30:00+08:00,1208.302658310115,2255.154728735571,-539.5183662021954,-507.3337042232606,0.4440690210729592,normal
2025-07-14 00:40:00+08:00,2536.5687803548194,2252.762939819943,401.96232261486585,-118.15648207998947,0.17068122168425434,normal
2025-07-14 00:50:00+08:00,2301.501287436792,2250.3772935139127,103.50405475537137,-52.380060832491836,0.12447484054641429,normal
2025-07-14 01:00:00+08:00,13366.959897823192,2247.997771335932,11120.58137403511,-1.6192475478501365,0.08881656907141945,normal
2025-07-14 01:10:00+08:00,1504.2321128272538,2245.624387573216,2903.0106534162483,-3644.4029281622106,2.6477859984940393,moderate
2025-07-14 01:20:00+08:00,1754.4535089750373,2243.2571625693076,-539.576961053687,50.77330745941663,0.05201203760653505,normal
2025-07-14 01:30:00+08:00,2282.4834594271874,2240.8961121347584,-111.48815719445248,153.07550448688153,0.019852837639612257,normal
2025-07-14 01:40:00+08:00,1930.3253685487236,2238.541218341388,-742.6514254117302,434.4355756190662,0.21750163696826377,normal
2025-07-14 01:50:00+08:00,2461.466695219779,2236.192369715154,-1835.7309093794117,2061.0052348840363,1.360128374601897,normal
2025-07-14 02:00:00+08:00,4451.764052389372,2233.8493135840104,2050.029129027654,167.88560977770794,0.03025658653292105,normal
2025-07-14 02:10:00+08:00,2118.051671571828,2231.511746137258,21.49228063269458,-134.95235519812422,0.18247992553770945,normal
2025-07-14 02:20:00+08:00,955.1111006706734,2229.179309621575,-1089.055932528774,-185.0122764221278,0.2176458369074247,normal
2025-07-14 02:30:00+08:00,3319.5683798946648,2226.8516885760837,907.232680882711,185.48401043587,0.0426190470135205,normal
2025-07-14 02:40:00+08:00,2621.0818653677143,2224.5286220367525,440.56615600924704,-44.012912678285375,0.11859711674634138,normal
2025-07-14 02:50:00+08:00,1331.351343484746,2222.209800377462,-1947.4457906519358,1056.5873337592197,0.654548540964958,normal
2025-07-14 03:00:00+08:00,4170.315135131283,2219.894895046307,-2071.86054023281,4022.280780317786,2.7378780856670093,moderate
2025-07-14 03:10:00+08:00,2924.1173758053724,2217.583524414833,795.5560594280021,-89.0222080374624,0.1502150828300597,normal
2025-07-14 03:20:00+08:00,3987.615255809612,2215.275294231755,-531.5286939419441,2303.8686555198005,1.5307341869204354,normal
2025-07-14 03:30:00+08:00,923.1584437985824,2212.9698331610907,-814.8507698934736,-474.96061946903455,0.42132769425110395,normal
2025-07-14 03:40:00+08:00,2304.9379463524847,2210.6667994799723,116.32957748537304,-22.058430612860775,0.10317461204390631,normal
2025-07-14 03:50:00+08:00,3001.056073599605,2208.3659636397238,984.4749275647049,-191.78481760482373,0.22240338700249423,normal
2025-07-14 04:00:00+08:00,3271.412855004965,2206.067145748666,1298.6859037161635,-233.3401944598645,0.2515950569789699,normal
2025-07-14 04:10:00+08:00,4810.061139118233,2203.770246514541,2625.6341138434354,-19.343221239743798,0.10126724163998589,normal
2025-07-14 04:20:00+08:00,3690.683937899749,2201.475258536297,1394.933148855141,94.27553050831057,0.021452754197406217,normal
2025-07-14 04:30:00+08:00,3900.095811989063,2199.1821972980442,3260.131728400735,-1559.2181137097164,1.182992954845535,normal
2025-07-14 04:40:00+08:00,3405.413638697049,2196.8910558868006,3437.2413131676353,-2228.718730357387,1.65330131273629,normal
2025-07-14 04:50:00+08:00,2970.203076788919,2194.601825711992,807.6576589671166,-32.0564078901898,0.11019795475428984,normal
2025-07-14 05:00:00+08:00,11733.768154342426,2192.314507142183,6816.079427197138,2725.3742200031047,1.8268318826426226,mild
2025-07-14 05:10:00+08:00,4641.369737000938,2190.029118053543,4410.541350181568,-1959.2007312341734,1.4639712890772574,normal
2025-07-14 05:20:00+08:00,3633.100288309234,2187.745687107245,1701.2593233878474,-255.9047221858582,0.2674461043380155,normal
2025-07-14 05:30:00+08:00,6437.431718843744,2185.4642708346164,4441.808140337411,-189.84069232828278,0.22103768494993725,normal
2025-07-14 05:40:00+08:00,6062.117398036187,2183.1850275732495,3792.052568977,86.8798014859376,0.026648079019261754,normal
2025-07-14 05:50:00+08:00,3754.7995227466176,2180.908204217422,1216.975233130334,356.9160853988619,0.16304602745359914,normal
2025-07-14 06:00:00+08:00,7575.361092977691,2178.6340328604506,2343.8306675642507,3052.89639255299,2.056908467061681,mild
2025-07-14 06:10:00+08:00,2343.957281956409,2176.3626616513343,195.77796373800388,-28.183343432929178,0.10747721852252937,normal
2025-07-14 06:20:00+08:00,4024.499687082512,2174.094232832445,1946.6232944045385,-96.2178401544711,0.15526984430568247,normal
2025-07-14 06:30:00+08:00,4443.422710791914,2171.828922695624,2250.4053475085125,21.188440587777677,0.07279470727230396,normal
2025-07-14 06:40:00+08:00,3773.717777634512,2169.5669595834806,1615.143898303367,-10.993080252335858,0.09540146497258245,normal
2025-07-14 06:50:00+08:00,3711.489758919348,2167.308597672649,1604.2859791654482,-60.10481791874918,0.1299012998057559,normal
2025-07-14 07:00:00+08:00,3028.9268084714354,2165.0541244157657,447.0887520763637,416.7839319793061,0.20510177455162137,normal
2025-07-14 07:10:00+08:00,3208.194831698865,2162.803850498215,883.059602957259,162.3313782433911,0.026354870168073707,normal
2025-07-14 07:20:00+08:00,3750.293995269002,2160.5579963285377,2137.113916516016,-547.3779175755517,0.47219913440884304,normal
2025-07-14 07:30:00+08:00,4415.423720841458,2158.3167520734887,2170.194140178165,86.91282858980412,0.026624878259472875,normal
2025-07-14 07:40:00+08:00,1904.378748893648,2156.0804337097475,-604.5641302307635,352.86244541466385,0.16019844118251464,normal
2025-07-14 07:50:00+08:00,3014.569785492415,2153.8493656189567,554.1228399406955,306.597579932763,0.12769846676609048,normal
2025-07-14 08:00:00+08:00,2915.8901576658523,2151.6237635841017,794.6997846910214,-30.433390609270646,0.10905782347847488,normal
2025-07-14 08:10:00+08:00,1058.7360213656486,2149.4037390104186,-740.4242362617728,-350.2434813829973,0.3337168527439233,normal
2025-07-14 08:20:00+08:00,1790.3179310193468,2147.1894300824074,-286.21259053764993,-70.65890852541042,0.1373152989848803,normal
2025-07-14 08:30:00+08:00,1651.3825851440906,2144.981120677343,-378.10163816743653,-115.49689736581581,0.1688129262884151,normal
2025-07-14 08:40:00+08:00,1912.2178103165504,2142.7792043529716,-70.48466202302558,-160.0767320133957,0.20012920637360337,normal
2025-07-14 08:50:00+08:00,1947.749792820818,2140.5842031131115,177.2089670436884,-370.04337733598186,0.3476258116313451,normal
2025-07-14 09:00:00+08:00,1466.0417791830196,2138.396831246061,1869.0774338010913,-2541.432485864133,1.8729753342161337,mild
2025-07-14 09:10:00+08:00,2229.318007094276,2136.218071929077,62.035860457678986,31.06407470751992,0.06585730773824178,normal
2025-07-14 09:20:00+08:00,2117.230821265878,2134.049105301239,-113.8782390179883,97.05995498262746,0.019496761820963104,normal
2025-07-14 09:30:00+08:00,2524.0631420646287,2131.8912937917835,123.89101001649264,268.2808382563526,0.10078186144944393,normal
2025-07-14 09:40:00+08:00,2861.451312905756,2129.7461724282093,529.0348249394254,202.67031553812103,0.05469202010699094,normal
2025-07-14 09:50:00+08:00,1666.0083855854336,2127.6154167759014,-214.06659581136256,-247.54043537910525,0.2615703905668937,normal
2025-07-14 10:00:00+08:00,1600.8648802433331,2125.5009480051717,-302.9864929072618,-221.6495748545767,0.24338267304298639,normal
2025-07-14 10:10:00+08:00,1214.0080508937745,2123.4052356120983,-1120.2323919384637,210.83520722013964,0.06042766351618423,normal
2025-07-14 10:20:00+08:00,1596.3143660152932,2121.33141937336,-851.389326735017,326.3722733769505,0.14158972148680601,normal
2025-07-14 10:30:00+08:00,966.1276924346802,2119.2831990005766,-1167.5149616295973,14.359455063700807,0.07759190818299189,normal
2025-07-14 10:40:00+08:00,959.960077142546,2117.2648609549738,-944.8071409292281,-212.49764288319966,0.23695365716165914,normal
2025-07-14 10:50:00+08:00,947.7992631077184,2115.2815396415394,-818.9303086439018,-348.5519678899193,0.3325286044981443,normal
2025-07-14 11:00:00+08:00,968.5399424572884,2113.339475585767,-907.7286061799405,-237.07092694853827,0.25421580836716645,normal
2025-07-14 11:10:00+08:00,1796.2069016683097,2111.4460829760715,-593.0588844033329,277.8197030955712,0.10748268852431377,normal
2025-07-14 11:20:00+08:00,1761.34981084255,2109.609584953786,-681.5974579936457,333.3376838824097,0.14648275772217292,normal
2025-07-14 11:30:00+08:00,1979.951652301946,2107.837940823696,-275.9662189227676,148.07993040101746,0.016343564927051395,normal
2025-07-14 11:40:00+08:00,4790.2177457663565,2106.137312847153,-737.4747030294066,3421.55513594861,2.3158825201351934,moderate
2025-07-14 11:50:00+08:00,1455.3939063222506,2104.5097900026826,-342.3836725730892,-306.7322111073429,0.30315121387184885,normal
2025-07-14 12:00:00+08:00,1748.7909295927684,2102.949958148568,-408.7314899651402,54.572461409340576,0.04934322175912081,normal
2025-07-14 12:10:00+08:00,1430.9916751795392,2101.875144389759,-601.8624438000525,-69.02102541016734,0.13616472481184355,normal
2025-07-14 12:20:00+08:00,1214.7914028281025,2100.8770663738555,-555.0766698264923,-331.0089937192606,0.3202050798148738,normal
2025-07-14 12:30:00+08:00,1526.277467859382,2099.9592592161202,-937.8570627889956,364.17527143225743,0.16814543405322951,normal
2025-07-14 12:40:00+08:00,984.2511934117192,2099.124399262458,-618.6745018195151,-496.19870403122377,0.4362469466413444,normal
2025-07-14 12:50:00+08:00,966.6904968013548,2098.3729105469383,-1039.516876459932,-92.16553728565145,0.1524231973265453,normal
2025-07-14 13:00:00+08:00,1226.3109129203633,2097.704914988308,-762.0693577947386,-109.32464427320588,0.16447706438733614,normal
2025-07-14 13:10:00+08:00,1890.9361883701824,2097.1193723315378,-190.44986818944545,-15.733315771909929,0.09873136837788363,normal
2025-07-14 13:20:00+08:00,1617.0764994286596,2096.6140225759455,-498.9142028033898,19.37667965610399,0.0740674265013506,normal
2025-07-14 13:30:00+08:00,987.9993732436246,2096.185408099373,-1067.3500178162665,-40.83601703948216,0.11636542265387405,normal
2025-07-14 13:40:00+08:00,2289.3019314884687,2095.8291272536635,-234.20762925745066,427.6804334922558,0.2127563092986841,normal
2025-07-14 13:50:00+08:00,1896.4525727570167,2095.5416926003336,-334.28152439148545,135.19240454816872,0.0072903826439981,normal
2025-07-14 14:00:00+08:00,2169.6915288953523,2095.3203617834383,-187.64488673386083,262.0160538457749,0.09638099848469932,normal
2025-07-14 14:10:00+08:00,1347.2518606592594,2095.1619908969415,-721.2859476170213,-26.624182620660577,0.10638194490653574,normal
2025-07-14 14:20:00+08:00,1262.87544886029,2095.0636955871914,-835.119971123937,2.9317243970353957,0.08561961885362393,normal
2025-07-14 14:30:00+08:00,988.1500095484856,2095.0230070271064,-1066.5897972946693,-40.28320018395152,0.1159770818800585,normal
2025-07-14 14:40:00+08:00,1697.4621205649278,2095.037737529227,-262.1333133593766,-135.44230360492247,0.1828241027123419,normal
2025-07-14 14:50:00+08:00,1142.474968952154,2095.1064900392034,460.3092272177235,-1412.9407483047728,1.0802365632761615,normal
2025-07-14 15:00:00+08:00,1196.592194007529,2095.228554967809,-602.9345019952762,-295.7018589650038,0.29540265222153106,normal
2025-07-14 15:10:00+08:00,1256.4843967257607,2095.404555523269,-753.0694742309183,-85.85068456659019,0.1479871625585794,normal
2025-07-14 15:20:00+08:00,991.4270993283488,2095.6357925467164,-1008.4530326110313,-95.75566060733627,0.15494517409857783,normal
2025-07-14 15:30:00+08:00,1277.8670278756006,2095.923990705725,1374.3802514510303,-2192.4372142811544,1.6278144052961738,normal
2025-07-14 15:40:00+08:00,2211.1657597272524,2096.2721715649136,-77.07945483411076,191.97304299644975,0.04717743900298144,normal
2025-07-14 15:50:00+08:00,944.895188917142,2096.683628445159,-90.48500660280888,-1061.3034329252077,0.8332196610403445,normal
2025-07-14 16:00:00+08:00,1360.6047232543456,2097.1612336334856,-283.01668702321547,-453.53982335592445,0.40628009131518134,normal
2025-07-14 16:10:00+08:00,1897.1778035144257,2097.70745626674,-324.98876147529535,124.459108722981,0.00024950396518222146,normal
2025-07-14 16:20:00+08:00,2263.792657790043,2098.324054699947,203.12374503390072,-37.655141943804665,0.11413093308701684,normal
2025-07-14 16:30:00+08:00,34109.276874739284,2099.013243612546,-739.1675989336189,32749.43123006036,22.91802223930438,severe
2025-07-14 16:40:00+08:00,1784.7959618736245,2099.777768299188,-394.9549391598227,79.9731327342588,0.03149985056110467,normal
2025-07-14 16:50:00+08:00,1282.962522502106,2100.620243540963,-537.5388317222255,-280.1188893166318,0.2844559843856086,normal
2025-07-14 17:00:00+08:00,2340.1041184992314,2101.5418335084696,202.48180319952593,36.0804817912358,0.062333400337129495,normal
2025-07-14 17:10:00+08:00,1851.977794594737,2102.543331966192,-143.32591174659555,-107.23962562485963,0.16301238807144952,normal
2025-07-14 17:20:00+08:00,996.4162110354268,2103.6247173216593,-568.3421330701095,-538.8663732161231,0.46621997568776324,normal
2025-07-14 17:30:00+08:00,1572.0774705767749,2104.784477259083,-248.31612088818542,-284.3908857941226,0.287456960931835,normal
2025-07-14 17:40:00+08:00,973.820950598001,2106.021622359786,-956.7609649949205,-175.43970676686422,0.21092133299598,normal
2025-07-14 17:50:00+08:00,1598.4462273173626,2107.3360189290593,-729.6444958708506,220.7547042591541,0.06739587571422648,normal
2025-07-14 18:00:00+08:00,991.3674759676156,2108.7277529098287,-1104.3071264002226,-13.053150541990362,0.09684861565620433,normal
2025-07-14 18:10:00+08:00,1373.415858740846,2110.195923807613,-985.0764216930486,248.29635662628198,0.08674323548700857,normal
2025-07-14 18:20:00+08:00,1175.6279236576877,2111.738231018928,-906.637016128849,-29.473291232391603,0.10838337636054259,normal
2025-07-14 18:30:00+08:00,996.956506092232,2113.3526821316323,-1109.7893448167345,-6.606831222665733,0.09232022870909191,normal
2025-07-14 18:40:00+08:00,990.5425094694642,2115.0367767663847,-1184.437688203023,59.9434209061028,0.045570249668567334,normal
2025-07-14 18:50:00+08:00,809.3980148277981,2116.787462760845,-1339.629860891467,32.240412958420166,0.06503095792265061,normal
2025-07-14 19:00:00+08:00,985.9852949963372,2118.601187103156,-1167.8464177653864,35.230525658567785,0.06293047442951175,normal
2025-07-14 19:10:00+08:00,851.802515694159,2120.473834433985,-1255.2933617088713,-13.377957030954349,0.0970767845370962,normal
2025-07-14 19:20:00+08:00,871.457908714505,2122.401042380115,-1228.7564175148655,-22.186716150744815,0.10326472960192362,normal
2025-07-14 19:30:00+08:00,852.9397482533846,2124.3791997303356,-1189.431822220975,-82.0076292559761,0.14528750704299767,normal
2025-07-14 19:40:00+08:00,809.4309908241964,2126.404862319495,-1203.6242539657903,-113.34961752950812,0.16730451295968288,normal
2025-07-14 19:50:00+08:00,691.4777649210907,2128.475265418946,-1194.4731315823274,-242.52436891552793,0.25804672244337734,normal
2025-07-14 20:00:00+08:00,713.5651216766132,2130.5893587947335,-1290.700761266841,-126.32347585127923,0.17641834176147253,normal
2025-07-14 20:10:00+08:00,863.2189568046698,2132.7480235970656,-1231.8607064754615,-37.66836031693447,0.11414021868169157,normal
2025-07-14 20:20:00+08:00,936.659322005676,2134.9531209326205,-1024.0228868522495,-174.27091207469493,0.21010028235208666,normal
2025-07-14 20:30:00+08:00,857.557607281998,2137.206360856059,-1047.8519317495873,-231.79682182447368,0.2505108741840402,normal
2025-07-14 20:40:00+08:00,885.5419981841394,2139.509085463639,-972.3623497090542,-281.60473757044565,0.28549975766221153,normal
2025-07-14 20:50:00+08:00,1318.479245921977,2141.861502898179,-821.3698890728567,-2.012367903345421,0.08909272682878223,normal
2025-07-14 21:00:00+08:00,2394.691211988621,2144.263116713226,-1372.1665433009205,1622.5946385763154,1.052155293615328,normal
2025-07-14 21:10:00+08:00,1093.5409202629537,2146.7120674164394,-872.4087706964195,-180.76237645706624,0.21466038263887405,normal
2025-07-14 21:20:00+08:00,1771.3322838645624,2149.2061557545667,-583.8662373794197,205.99236548941553,0.05702568167290193,normal
2025-07-14 21:30:00+08:00,1314.3306471284495,2151.7430944871235,-949.5589955831663,112.14654822449256,0.00889878667752672,normal
2025-07-14 21:40:00+08:00,1560.827539724267,2154.319592010419,-789.9019900971477,196.40993781099587,0.05029425273320888,normal
2025-07-14 21:50:00+08:00,1849.117882512552,2156.932259420251,-235.40738489950544,-72.40699200819336,0.1385432863112553,normal
2025-07-14 22:00:00+08:00,1408.9823331812386,2159.5778180855646,-766.146511821012,15.551026916686169,0.0767548571220198,normal
2025-07-14 22:10:00+08:00,1510.401133936611,2162.252810518203,-870.7819933565157,218.93031677492354,0.06611428663046845,normal
2025-07-14 22:20:00+08:00,937.1300820522052,2164.9525742235846,-1116.3859749254118,-111.43651724596748,0.1659606052313561,normal
2025-07-14 22:30:00+08:00,1070.3090212732643,2167.6701556136813,-928.6487113578908,-168.71242298252628,0.20619557515348633,normal
2025-07-14 22:40:00+08:00,2197.337485113677,2170.397291867744,-1094.30039985802,1121.2405931039525,0.6999659274148173,normal
2025-07-14 22:50:00+08:00,1613.963850776826,2173.125963290118,-863.8577304541009,304.6956179408089,0.1263623834243222,normal
2025-07-14 23:00:00+08:00,1013.7085176612284,2175.8480023114416,-1092.2232769449129,-69.91620770530062,0.13679356921432537,normal
2025-07-14 23:10:00+08:00,1250.6104099440463,2178.5536444473037,-989.0513009201609,61.10806641690351,0.04475211372650923,normal
2025-07-14 23:20:00+08:00,1539.381497487234,2181.2322191752564,-864.7325080286947,222.88178634067208,0.06889010059764288,normal
2025-07-14 23:30:00+08:00,929.6556875436802,2183.8720570121136,-1158.566760450017,-95.64960901841641,0.15487067536415344,normal
2025-07-14 23:40:00+08:00,2023.859799135074,2186.4609940594883,-594.7664593320728,432.16526440765847,0.21590679700667484,normal
2025-07-14 23:50:00+08:00,1742.658506943522,2188.9871602797907,-986.2916109093122,539.9629575730437,0.2916321283900574,normal
2025-07-15 00:00:00+08:00,1498.871258410551,2191.4395123315853,-468.1647459052717,-224.40350801576255,0.24531724599269258,normal
2025-07-15 00:10:00+08:00,1554.350376084984,2193.810205731668,-778.8517619411698,139.3919322944862,0.010240451619553101,normal
2025-07-15 00:20:00+08:00,1394.579873888856,2196.094131952354,-437.34484801100956,-364.1694100524885,0.3434994884604471,normal
2025-07-15 00:30:00+08:00,1738.0669385254316,2198.286322017497,-398.43967954230965,-61.77970394975546,0.13107786765246077,normal
2025-07-15 00:40:00+08:00,2970.8713123785387,2200.3821801634053,312.4566775687262,458.03245464640713,0.2340778867143276,normal
2025-07-15 00:50:00+08:00,3476.072893193625,2202.3776096323663,131.1286595049475,1142.5666240563114,0.7149469600653214,normal
2025-07-15 01:00:00+08:00,14552.472422384308,2204.269055184494,8924.340596762171,3423.8627704376427,2.317503578817086,moderate
2025-07-15 01:10:00+08:00,4651.271492083917,2206.054079505327,2528.5837028371266,-83.36629025853654,0.1462419342819806,normal
2025-07-15 01:20:00+08:00,2215.550308062743,2207.7303246295187,331.1409091443766,-323.3209257111521,0.3148043937656945,normal
2025-07-15 01:30:00+08:00,2413.6171490769666,2209.296937347897,131.020566875821,73.29964485324899,0.036187818053109666,normal
2025-07-15 01:40:00+08:00,4728.679591687594,2210.7536728469536,-142.53371701606906,2660.45963585671,1.7812309216966544,mild
2025-07-15 01:50:00+08:00,3517.591270570895,2212.101776527995,-1255.6834362868958,2561.172930329796,1.7114843579510386,normal
2025-07-15 02:00:00+08:00,4216.831486134892,2213.342604639058,2192.9299144498045,-189.441032953971,0.22075693368642177,normal
2025-07-15 02:10:00+08:00,2201.358455066988,2214.47711661579,-72.24548693754822,59.12682538874651,0.04614388871725383,normal
2025-07-15 02:20:00+08:00,1298.521249031328,2215.506452535842,-1005.6240134904632,88.63880998594914,0.025412417126523475,normal
2025-07-15 02:30:00+08:00,876.7833839952468,2216.4330095802443,1378.1404455788058,-2717.790071163803,1.9968623692411003,mild
2025-07-15 02:40:00+08:00,910.1316505639112,2217.2626977008604,551.7936593984967,-1858.924706535446,1.39352975199845,normal
2025-07-15 02:50:00+08:00,1084.8528568167555,2218.0041136851064,-1154.5508367760851,21.399579907734278,0.07264638689083489,normal
2025-07-15 03:00:00+08:00,599.7171348406605,2218.667084683507,-1578.7366658543663,-40.213283988479816,0.11592796740538196,normal
2025-07-15 03:10:00+08:00,977.452937144314,2219.26041119168,703.8404030651444,-1945.6478771125103,1.4544507294120423,normal
2025-07-15 03:20:00+08:00,2320.628749677141,2219.7924708524106,-176.09320089631902,276.9294797210496,0.10685732764634528,normal
2025-07-15 03:30:00+08:00,2265.005675010066,2220.2688345048887,-543.2073909538857,587.9442314590633,0.32533783913881387,normal
2025-07-15 03:40:00+08:00,2446.874862197365,2220.693427384349,319.5863043090878,-93.40486949607157,0.15329379890968103,normal
2025-07-15 03:50:00+08:00,3517.0287317888947,2221.069595576858,1195.6008921250798,100.3582440869568,0.0171797916883987,normal
2025-07-15 04:00:00+08:00,6253.785190863624,2221.4002122834536,1444.0349218164165,2588.350056763754,1.7305756468722413,mild
2025-07-15 04:10:00+08:00,4675.018544415212,2221.6867427388393,2293.625806362748,159.70599531362495,0.024510600717336923,normal
2025-07-15 04:20:00+08:00,6904.805663709536,2221.9292782359503,1489.2311318773343,3193.645253596251,2.155781214996857,mild
2025-07-15 04:30:00+08:00,4979.867629821298,2222.1275779102007,2648.6279883367033,109.11206357439369,0.011030440416665468,normal
2025-07-15 04:40:00+08:00,4869.849553252716,2222.280007013691,2899.296464647396,-251.72691840837115,0.26451129593706413,normal
2025-07-15 04:50:00+08:00,4449.069373290859,2222.385348792095,501.25250488408955,1725.431519614675,1.1243957717405486,normal
2025-07-15 05:00:00+08:00,8004.086738718597,2222.4434993276545,5784.645278058511,-3.0020386675687405,0.08978794714733096,normal
2025-07-15 05:10:00+08:00,5894.8591335712645,2222.4544436218143,3953.995656625153,-281.59096667570293,0.285490083934164,normal
2025-07-15 05:20:00+08:00,4633.565476521968,2222.41807212522,1904.1512503647475,506.9961540320005,0.26847372815447623,normal
2025-07-15 05:30:00+08:00,6271.172402889849,2222.3339052601623,3457.110861284091,591.7276363455958,0.3279955916414637,normal
2025-07-15 05:40:00+08:00,5637.878316196367,2222.200722514307,3343.943616282498,71.73397739956226,0.03728766243089896,normal
2025-07-15 05:50:00+08:00,2949.623173587968,2222.015640165606,1018.4886774740697,-290.8811440517079,0.29201621394446997,normal
2025-07-15 06:00:00+08:00,4277.928344511081,2221.774021184762,2172.355643922332,-116.20132059601292,0.16930776695684194,normal
2025-07-15 06:10:00+08:00,3277.427297289553,2221.4713191393384,592.8102612152331,463.14571693498146,0.23766983260744046,normal
2025-07-15 06:20:00+08:00,4137.907062085869,2221.102724866218,1862.5029280834347,54.301409136216535,0.04953362957399906,normal
2025-07-15 06:30:00+08:00,5641.538972950302,2220.6633879556516,2190.7158144547748,1230.1597705398758,0.7764790749891962,normal
2025-07-15 06:40:00+08:00,5903.542009768298,2220.1484110154806,1845.781306259788,1837.6122924930296,1.2032001130173542,normal
2025-07-15 06:50:00+08:00,7672.687531102028,2219.553530489423,1609.2441036206628,3843.889896991942,2.6125627068406874,moderate
2025-07-15 07:00:00+08:00,2479.9696515205387,2218.8756936883133,527.4831248191463,-266.3891669869208,0.27481117898495794,normal
2025-07-15 07:10:00+08:00,6116.42177340247,2218.113671542097,612.5958689682052,3285.712232892168,2.220456091721297,mild
2025-07-15 07:20:00+08:00,4724.562175630068,2217.268209754733,2175.973992173392,331.3199737019427,0.14506536401396922,normal
2025-07-15 07:30:00+08:00,2403.117861325497,2216.341683316905,1860.696913821159,-1673.9207358125668,1.2635688355924002,normal
2025-07-15 07:40:00+08:00,3825.054604933868,2215.3375307491474,250.16038405079186,1359.556690133929,0.8673773523875385,normal
2025-07-15 07:50:00+08:00,1710.4388193435975,2214.260236603548,928.027681947303,-1431.8490992072534,1.0935192328394783,normal
2025-07-15 08:00:00+08:00,3031.442656473252,2213.115000469554,665.1674518135435,153.16020419015467,0.019912337179074504,normal
2025-07-15 08:10:00+08:00,2028.4580199285488,2211.906869602467,-396.1143518516432,212.6655021777251,0.06171340246033632,normal
2025-07-15 08:20:00+08:00,2182.6378310214905,2210.640838924792,-141.38875496197778,113.38574705867586,0.008028278788044683,normal
2025-07-15 08:30:00+08:00,1847.116950426496,2209.321991238518,-287.491460540567,-74.71358027145516,0.1401636100442738,normal
2025-07-15 08:40:00+08:00,3483.0701314126586,2207.9546842754867,6.540605697403468,1268.5748414397685,0.8034647542610845,normal
2025-07-15 08:50:00+08:00,2494.909483279121,2206.54142929883,211.95947781249433,76.40857616779704,0.03400386729192656,normal
2025-07-15 09:00:00+08:00,4044.3127790390463,2205.08234175526,1561.1228323782204,278.1076049055655,0.10768493274056287,normal
2025-07-15 09:10:00+08:00,2395.276503942772,2203.5760769514336,21.164811618330578,170.53561537300766,0.03211815282417752,normal
2025-07-15 09:20:00+08:00,2111.914305914104,2202.0214361877242,-44.798844484364,-45.30828578925639,0.11950708573744871,normal
2025-07-15 09:30:00+08:00,2336.01398048244,2200.4160684635913,70.89137512842014,64.7065368904282,0.04222427327761478,normal
2025-07-15 09:40:00+08:00,2618.1734257597577,2198.7580210393326,352.2568763019757,67.15852841844935,0.04050180718806889,normal
2025-07-15 09:50:00+08:00,2298.3279151973084,2197.045897101815,-137.02226159417827,238.3042796896716,0.07972403762651073,normal
2025-07-15 10:00:00+08:00,2106.0045303316147,2195.2786588327695,-223.85766057848124,134.58353207732625,0.006862664125439203,normal
2025-07-15 10:10:00+08:00,882.4425394738637,2193.454871893619,-982.2928691791027,-328.71946324065266,0.3185967387723716,normal
2025-07-15 10:20:00+08:00,919.3708625533096,2191.5732408752287,-655.3715155837925,-616.8308627381266,0.520988186693282,normal
2025-07-15 10:30:00+08:00,1295.670291559243,2189.633415032824,-923.2799725052256,29.31684903164478,0.06708469247554046,normal
2025-07-15 10:40:00+08:00,1537.5397365294325,2187.634739455698,-767.5613711963609,117.4663682700957,0.005161738842604997,normal
2025-07-15 10:50:00+08:00,1427.6001536049914,2185.5756925201,-685.8443835580963,-72.13115535701218,0.13834951758388253,normal
2025-07-15 11:00:00+08:00,1473.936295640324,2183.4554201852425,-735.3765324909018,25.85740794598314,0.06951486806576483,normal
2025-07-15 11:10:00+08:00,1278.3647667529724,2181.2741063324484,-441.25644245140734,-461.6528971280686,0.4119793338675324,normal
2025-07-15 11:20:00+08:00,1087.20312235079,2179.031537992832,-666.5892525894944,-425.2391630525476,0.3863995464082156,normal
2025-07-15 11:30:00+08:00,1632.7868061884585,2176.7273842918694,-287.08107008401606,-256.85950801939475,0.2681168188173485,normal
2025-07-15 11:40:00+08:00,1455.41532866152,2174.3621164064884,-610.749758545204,-108.19702919976453,0.16368494145221693,normal
2025-07-15 11:50:00+08:00,2324.942110215185,2171.9364573864555,-287.19606158697337,440.201714415703,0.22155221317593823,normal
2025-07-15 12:00:00+08:00,1866.3154421504155,2169.453300045944,-445.44711003951943,142.30925214399076,0.012289799855754418,normal
2025-07-15 12:10:00+08:00,1373.546084281064,2166.9174151840652,-586.044736668982,-207.32659423401947,0.23332111771614436,normal
2025-07-15 12:20:00+08:00,1673.9660894023514,2164.332443385936,-492.3989635016858,2.0326095181007986,0.08625122580326981,normal
2025-07-15 12:30:00+08:00,980.240386258656,2161.701863116081,-826.8285470150125,-354.6329298424123,0.3368003365311832,normal
2025-07-15 12:40:00+08:00,1586.2275022031502,2159.0287394746706,-641.257680153786,68.45644288226549,0.039590052956659016,normal
2025-07-15 12:50:00+08:00,1407.5430197646738,2156.31705597839,-863.1469823844329,114.37294617071666,0.007334794746730566,normal
2025-07-15 13:00:00+08:00,1393.65249508148,2153.573141915378,-573.1345133362914,-186.78613349760644,0.21889192957344578,normal
2025-07-15 13:10:00+08:00,2125.503862643421,2150.8044357413078,-202.28378972791688,176.98321663003026,0.03664744030222098,normal
2025-07-15 13:20:00+08:00,1486.590377656489,2148.019103611512,-486.9104550699844,-174.51827088503865,0.21027404606941538,normal
2025-07-15 13:30:00+08:00,1432.053757573127,2145.224915486866,-976.6998646752593,263.5287067615204,0.09744360140271477,normal
2025-07-15 13:40:00+08:00,1599.7611598796486,2142.4284682702173,-291.89500079285557,-250.77230759771305,0.2638407044071662,normal
2025-07-15 13:50:00+08:00,1645.0824757355558,2139.634668313925,-248.4117282730291,-246.14046430534017,0.2605869439793553,normal
2025-07-15 14:00:00+08:00,1393.2782028204408,2136.847784809568,-378.3569244812676,-365.2126575078596,0.34423234513810946,normal
2025-07-15 14:10:00+08:00,1337.5165936016983,2134.0724899750057,-723.8232543318474,-72.73264204146017,0.13877204776208063,normal
2025-07-15 14:20:00+08:00,2172.686656738733,2131.3127005709293,-766.7691703211331,808.1431264889366,0.480022357951376,normal
2025-07-15 14:30:00+08:00,1465.5300063243594,2128.5730721833097,-981.7988955392775,318.7558296803272,0.13623934982342728,normal
2025-07-15 14:40:00+08:00,2302.966147622326,2125.8587577380913,-287.52265683340215,464.630046717637,0.23871253919394753,normal
2025-07-15 14:50:00+08:00,2144.3990987107063,2123.173646232754,193.10420277975572,-171.8787503018034,0.20841984525129498,normal
2025-07-15 15:00:00+08:00,1974.7688104028696,2120.520679309311,-687.695777141507,541.9439082350655,0.29302369940545553,normal
2025-07-15 15:10:00+08:00,1026.0413648946562,2117.9024106703127,-794.7486497288933,-297.11239604676325,0.29639352117993173,normal
2025-07-15 15:20:00+08:00,1308.4074284749895,2115.3212489349116,-925.3208995038767,118.40707904395458,0.0045009117599967355,normal
2025-07-15 15:30:00+08:00,9240.14623012325,2112.7791252937463,1077.226813335325,6050.140291494179,4.162401458789488,severe
2025-07-15 15:40:00+08:00,1969.0411311517175,2110.2779172691485,-128.03275753132974,-13.20402858610123,0.09695460391581619,normal
2025-07-15 15:50:00+08:00,1844.152588957644,2107.821662195782,-187.7329512172057,-75.93612202093254,0.14102241672548135,normal
2025-07-15 16:00:00+08:00,1929.780142138901,2105.4146952598626,-314.4082235932266,138.77367047226517,0.009806137303591327,normal
2025-07-15 16:10:00+08:00,4099.34970568216,2103.0610009752154,-395.9728063506851,2392.26151105763,1.5928280785518285,normal
2025-07-15 16:20:00+08:00,2083.9243026264803,2100.7638710408146,178.95898670027728,-195.79855511461164,0.22522294272849933,normal
2025-07-15 16:30:00+08:00,1555.0606256502638,2098.52588751521,-608.2074168422306,64.74215497728437,0.042199252413519954,normal
2025-07-15 16:40:00+08:00,1738.4683142057784,2096.3491446618173,-397.2552257861438,39.37439533010502,0.060019503935873506,normal
2025-07-15 16:50:00+08:00,1778.4677911528822,2094.2349711608663,-517.1383530377727,201.37117302978868,0.0537794032033363,normal
2025-07-15 17:00:00+08:00,2088.279700366542,2092.184112484136,42.174453622786075,-46.07886574038048,0.12004839993854889,normal
2025-07-15 17:10:00+08:00,1706.6546328713343,2090.196877379115,-307.89870436524745,-75.64354014253331,0.1408168848718028,normal
2025-07-15 17:20:00+08:00,1798.3203964794982,2088.2729370928146,-698.2909291387235,408.338388525407,0.19916897990658136,normal
2025-07-15 17:30:00+08:00,1889.7094013893536,2086.41203893564,-423.1915685119866,226.48893096570055,0.0714240344329337,normal
2025-07-15 17:40:00+08:00,1095.4480845458324,2084.6150268847455,-1001.4240291190172,12.257086780104146,0.07906877220754034,normal
2025-07-15 17:50:00+08:00,1130.8221505580916,2082.883085194345,-858.7563764869641,-93.30455814928928,0.15322333255967344,normal
2025-07-15 18:00:00+08:00,859.0743252481669,2081.2164915238227,-1145.8819647991559,-76.26020147649979,0.14125007488259725,normal
2025-07-15 18:10:00+08:00,689.7767043205673,2079.6137079687287,-1077.191510786502,-312.6454928616595,0.30730515452920537,normal
2025-07-15 18:20:00+08:00,946.1906483553053,2078.071903342045,-971.0481690484369,-160.83308593830293,0.20066052712755353,normal
2025-07-15 18:30:00+08:00,900.0284698374401,2076.5880707096576,-1135.721394628949,-40.83820624326859,0.11636696051778676,normal
2025-07-15 18:40:00+08:00,744.6947287752316,2075.159728575165,-1214.985251439027,-115.47974836090634,0.16880087951782538,normal
2025-07-15 18:50:00+08:00,847.4041779213665,2073.7847915723723,-1259.7169086374874,33.336294986481334,0.06426112670182192,normal
2025-07-15 19:00:00+08:00,836.4857718906233,2072.462226575798,-1189.7066279679384,-46.269826717236356,0.12018254551095478,normal
2025-07-15 19:10:00+08:00,856.5258166418784,2071.1915535451963,-1233.9414983405438,19.27576143722581,0.07413831916466063,normal
2025-07-15 19:20:00+08:00,804.4528677886374,2069.971153102628,-1222.1612624041263,-43.3570229098641,0.11813636968760358,normal
2025-07-15 19:30:00+08:00,881.5135216859846,2068.7981834194916,-1199.2934400712422,12.008778337735293,0.07924320301891981,normal
2025-07-15 19:40:00+08:00,911.8862807837932,2067.6714091654158,-1206.57840641883,50.79327803720753,0.05199800874769098,normal
2025-07-15 19:50:00+08:00,911.2600089906324,2066.5882369665105,-1184.7080858528645,29.379857876986534,0.0670404302510579,normal
2025-07-15 20:00:00+08:00,928.4567787728556,2065.5434145432005,-1203.5878173333774,66.50118156303279,0.04096357781597902,normal
2025-07-15 20:10:00+08:00,978.0550882925984,2064.529375515774,-1124.5481961076096,38.07390888443388,0.060933064923741356,normal
2025-07-15 20:20:00+08:00,1191.8927545070362,2063.538538589186,-968.5138547011609,96.86807061901118,0.019631556050741652,normal
2025-07-15 20:30:00+08:00,975.13329348157,2062.565676812166,-1029.9046909815008,-57.52769234909533,0.12809093000981586,normal
2025-07-15 20:40:00+08:00,1123.240662180961,2061.607040308913,-916.2774940756692,-22.088884052282765,0.10319600486525783,normal
2025-07-15 20:50:00+08:00,1022.44177689622,2060.6594376155476,-794.6377624674999,-243.57989825182767,0.25878820685207937,normal
2025-07-15 21:00:00+08:00,5792.407072621629,2059.720703214303,-1176.8874439390029,4909.573813346329,3.361180468002483,moderate
2025-07-15 21:10:00+08:00,1142.5308925778588,2058.7895080859685,-908.9089268790567,-7.349688629052707,0.09284206847780524,normal
2025-07-15 21:20:00+08:00,1298.2494895402056,2057.864396505413,-665.1471042122021,-94.46780275300534,0.15404048439761847,normal
2025-07-15 21:30:00+08:00,1033.325020243396,2056.9432063501904,-967.4351264114024,-56.183059695391876,0.1271463573543102,normal
2025-07-15 21:40:00+08:00,946.652505073478,2056.0226828738064,-846.2683324986183,-263.10184530171,0.27250191320508216,normal
2025-07-15 21:50:00+08:00,1821.926897902803,2055.098889576076,-302.8495257666041,69.6775340933309,0.0387322652443988,normal
2025-07-15 22:00:00+08:00,1383.674954147746,2054.1691196193656,-783.0838361605275,112.58967068890797,0.008587503620571164,normal
2025-07-15 22:10:00+08:00,987.032497387446,2053.234552727608,-905.6258481094251,-160.57620723073683,0.20048007590745243,normal
2025-07-15 22:20:00+08:00,979.7086470509016,2052.299454297337,-1131.2624824224222,58.67167517598682,0.046463620983115635,normal
2025-07-15 22:30:00+08:00,1306.3595951096604,2051.369251414291,-975.3527950159363,230.34313871130598,0.07413152427048145,normal
2025-07-15 22:40:00+08:00,876.8848840910089,2050.4498998847944,-1113.443615587362,-60.12140020642346,0.12991294847088367,normal
2025-07-15 22:50:00+08:00,914.5468521750272,2049.5465331709893,-918.5623160455456,-216.4373649504164,0.23972121878879618,normal
2025-07-15 23:00:00+08:00,992.1719287248142,2048.665322566118,-1087.9570395911642,31.46364574986046,0.06557661852584816,normal
2025-07-15 23:10:00+08:00,794.2055653922587,2047.8145575317185,-1042.6803229719078,-210.92866916755202,0.235851490212994,normal
2025-07-15 23:20:00+08:00,951.4398413365302,2047.0032840762467,-910.0194341362071,-185.54400860350938,0.218019366196039,normal
2025-07-15 23:30:00+08:00,971.2025763032284,2046.240200195581,-1119.5251998715366,44.48757597918393,0.05642761539257644,normal
2025-07-15 23:40:00+08:00,1250.965591975307,2045.5326818139188,-688.966088757388,-105.60100108122379,0.1618612930624924,normal
2025-07-15 23:50:00+08:00,969.1711018391406,2044.8849990780577,-906.5260905297763,-169.18780670914066,0.20652952098456187,normal
2025-07-16 00:00:00+08:00,1321.168644613048,2044.2981923600992,-500.3795912356681,-222.74995651138306,0.2441556651466487,normal
2025-07-16 00:10:00+08:00,1110.59429114438,2043.77109136781,-629.0742173538987,-304.10258286953126,0.3013039621925585,normal
2025-07-16 00:20:00+08:00,2280.857631608397,2043.3015428457923,-405.4896123686201,643.0457011312244,0.3640453191238833,normal
2025-07-16 00:30:00+08:00,2260.917832679399,2042.889483193025,-257.71221317585133,475.74056266222556,0.2465174140204757,normal
2025-07-16 00:40:00+08:00,2374.377354790704,2042.536366055012,223.15092444590633,108.69006428978582,0.011326884939104862,normal
2025-07-16 00:50:00+08:00,2085.1471984451778,2042.2432721355408,158.64366839875697,-115.73974208912,0.16898351896630018,normal
2025-07-16 01:00:00+08:00,6029.151485546501,2042.0124168727164,6728.094493766763,-2740.9554250929777,2.013135482805866,mild
2025-07-16 01:10:00+08:00,4272.864622797346,2041.846290343016,2154.050216456675,76.96811599765465,0.03361080378756045,normal
2025-07-16 01:20:00+08:00,3625.520891195044,2041.7469992873775,1201.7827775610087,381.9911143466579,0.1806606425790505,normal
2025-07-16 01:30:00+08:00,1763.9480091762875,2041.715549653243,373.6301859943842,-651.3977264713396,0.5452705913924792,normal
2025-07-16 01:40:00+08:00,2007.008076771154,2041.7522258110491,457.90652491844435,-492.65067395833944,0.43375453938161607,normal
2025-07-16 01:50:00+08:00,1418.7027164541778,2041.85679574542,-675.5645687179664,52.4104894267241,0.05086195597334973,normal
2025-07-16 02:00:00+08:00,2629.879824408069,2042.0281412818683,2335.874889389764,-1748.0232062635635,1.3156240694889167,normal
2025-07-16 02:10:00+08:00,2264.4224925706644,2042.2655569572933,-165.89488364981665,388.0518192631878,0.1849181445231505,normal
2025-07-16 02:20:00+08:00,1785.5772836581496,2042.5674509655166,-922.1335192910628,665.1433519836958,0.37956839651507013,normal
2025-07-16 02:30:00+08:00,3510.681665078476,2042.930898006808,1849.151989191188,-381.4012221195203,0.3556044291210063,normal
2025-07-16 02:40:00+08:00,954.745374668782,2043.3518687258875,662.9840272986318,-1751.590521355737,1.3181300240188465,normal
2025-07-16 02:50:00+08:00,1650.206216346639,2043.8265535442822,-361.3899068696433,-32.23043032800001,0.11032020140340044,normal
2025-07-16 03:00:00+08:00,1489.7094981720898,2044.3513934549446,-1085.367624764444,530.725729481589,0.2851431940005606,normal
2025-07-16 03:10:00+08:00,4104.597977211815,2044.9238917388932,611.9819836242353,1447.6921018486867,0.9292903958185458,normal
2025-07-16 03:20:00+08:00,1499.0439318835547,2045.542682842867,179.4840201093307,-725.9827710686429,0.5976648222199417,normal
2025-07-16 03:30:00+08:00,2070.6189556243417,2046.2069894483675,-271.5652231010745,295.97718927704864,0.12023789336967207,normal
2025-07-16 03:40:00+08:00,3442.3848066532028,2046.917379889846,522.8503107053982,872.6171160579584,0.5253138116212833,normal
2025-07-16 03:50:00+08:00,822.9992215899242,2047.6728801405836,1406.5800977657468,-2631.253756316406,1.9360726535608015,mild
2025-07-16 04:00:00+08:00,868.9467699723359,2048.470172006189,1589.0739145296477,-2768.5973165635005,2.0325532581793837,mild
2025-07-16 04:10:00+08:00,3677.343133556298,2049.306440387517,1961.565289174686,-333.5285960059048,0.3219750408642047,normal
2025-07-16 04:20:00+08:00,2475.929485528938,2050.179223307071,1583.7564289441088,-1158.0061667222417,0.9011510457242874,normal
2025-07-16 04:30:00+08:00,3778.3552166368167,2051.0847102148064,2037.0313915207778,-309.7608850987674,0.3052787857606182,normal
2025-07-16 04:40:00+08:00,4607.493030944061,2052.017623824024,2361.1161806392242,194.35922648081214,0.04885367649739305,normal
2025-07-16 04:50:00+08:00,2273.0384784932253,2052.972125310471,194.80407336454059,25.262279818213756,0.06993293150819646,normal
2025-07-16 05:00:00+08:00,8586.257546814122,2053.9410042846393,4753.204489775299,1779.1120527541834,1.1621050773987815,normal
2025-07-16 05:10:00+08:00,6047.935135016429,2054.9169636528527,3497.3030874944816,495.71508386909454,0.2605490430210512,normal
2025-07-16 05:20:00+08:00,4252.731755973454,2055.8920022337056,2107.0673501227216,89.77240361702661,0.024616094395982908,normal
2025-07-16 05:30:00+08:00,4348.346652061216,2056.8585734845938,2472.4178199995786,-180.92974142295589,0.21477795257132629,normal
2025-07-16 05:40:00+08:00,4764.426655018324,2057.812099051078,2895.9839276287476,-189.36937166150165,0.2207065933223541,normal
2025-07-16 05:50:00+08:00,4755.3046273394175,2058.750755031972,820.1738060466029,1876.3800662608428,1.2304335577169512,normal
2025-07-16 06:00:00+08:00,2444.4345841160457,2059.6738070863926,2000.6907251146215,-1615.9299480849684,1.22283167796957,normal
2025-07-16 06:10:00+08:00,2351.2076313918906,2060.5805236615997,989.9433629913271,-699.3162552610363,0.5789322251942045,normal
2025-07-16 06:20:00+08:00,3826.289859479241,2061.4705159007976,1778.4079489458297,-13.588605367386435,0.0972247600142449,normal
2025-07-16 06:30:00+08:00,4159.978511226482,2062.3427894258602,2131.0418670360486,-33.406145235427175,0.11114611333493604,normal
2025-07-16 06:40:00+08:00,4322.95186241308,2063.196515437402,2076.5736432635235,183.1817037121541,0.0410017309608282,normal
2025-07-16 06:50:00+08:00,3837.742868763709,2064.0305663213917,1614.1270057973807,159.58529664493653,0.0244258127555951,normal
2025-07-16 07:00:00+08:00,2684.651485818312,2064.8429156294656,608.0826738184787,11.725896370367536,0.07944192091438017,normal
2025-07-16 07:10:00+08:00,2101.15024004704,2065.6309187629327,342.2382325925775,-306.7189113084703,0.30314187107751456,normal
2025-07-16 07:20:00+08:00,4740.900407001318,2066.391497442111,2214.8836472499815,459.6252623092255,0.23519679644750585,normal
2025-07-16 07:30:00+08:00,3350.2239869857176,2067.1217340500625,1551.224868532428,-268.1226155967729,0.27602888565903044,normal
2025-07-16 07:40:00+08:00,2787.692893117568,2067.818614049705,1105.1808333002032,-385.3065542323402,0.35834783261807124,normal
2025-07-16 07:50:00+08:00,2621.8368144363835,2068.4797869147606,1302.2413811995475,-748.8843536779245,0.6137526426673707,normal
2025-07-16 08:00:00+08:00,2432.812089866407,2069.104089273974,535.6646346854837,-171.95663409305052,0.2084745567736699,normal
2025-07-16 08:10:00+08:00,2276.8222841544693,2069.6914230136513,-51.76402346437691,258.8948846051949,0.09418845086975244,normal
2025-07-16 08:20:00+08:00,2140.588792861992,2070.2423621440066,3.618642633906399,66.72778808407884,0.04080439209135019,normal
2025-07-16 08:30:00+08:00,1873.137927705671,2070.7572508613493,-197.10533119485092,-0.5139919608272976,0.08804015314698746,normal
2025-07-16 08:40:00+08:00,2304.97898931622,2071.2367040305508,83.52842893794454,150.2138563477247,0.01784259746399154,normal
2025-07-16 08:50:00+08:00,2349.217612781088,2071.6820665127025,246.43886854992772,31.096677718458068,0.06583440489371059,normal
2025-07-16 09:00:00+08:00,2268.9501838656934,2072.0956526960767,1253.4246922114496,-1056.570161041833,0.8298946494248706,normal
2025-07-16 09:10:00+08:00,1808.1931264120133,2072.4796993334644,-19.596936530424042,-244.68963639102708,0.25956777166345923,normal
2025-07-16 09:20:00+08:00,1852.335669329913,2072.8368799995906,24.23481565842774,-244.73602632810548,0.2596003594977158,normal
2025-07-16 09:30:00+08:00,1794.4378944228265,2073.1704677707176,18.067425720380353,-296.7999990682713,0.296174069686817,normal
2025-07-16 09:40:00+08:00,2122.162217514902,2073.4833168202767,175.68923403823132,-127.01033334360613,0.17690084291425523,normal
2025-07-16 09:50:00+08:00,2452.652505971553,2073.7776034744757,-59.79744488927565,438.67234738635307,0.22047786898819516,normal
2025-07-16 10:00:00+08:00,2182.841233850443,2074.0535809105227,-144.73598062708314,253.5236335670038,0.09041527397823651,normal
2025-07-16 10:10:00+08:00,1346.6067198423295,2074.310466461582,-844.351130282501,116.64738366324855,0.005737056170186775,normal
2025-07-16 10:20:00+08:00,2250.3700689333773,2074.5472567891798,-459.1067170173399,634.9295291615376,0.3583439001609921,normal
2025-07-16 10:30:00+08:00,1222.221944755357,2074.7621973780692,-678.9984462319436,-173.54180639076867,0.209588102843346,normal
2025-07-16 10:40:00+08:00,1560.5081474278234,2074.954247106959,-590.3688556017634,75.92275592262786,0.0343451445305939,normal
2025-07-16 10:50:00+08:00,2087.262977063774,2075.124499217138,-553.0194456358622,565.1579234824985,0.3093309963960672,normal
2025-07-16 11:00:00+08:00,1622.1882959096793,2075.274561665198,-563.1364671591648,110.05020140364604,0.010371420766825377,normal
2025-07-16 11:10:00+08:00,1961.372247505124,2075.405214926121,-289.27109769630874,175.2381302753115,0.035421558387466516,normal
2025-07-16 11:20:00+08:00,1583.3340932988012,2075.51764835592,-651.385152107264,159.2015970501452,0.024156272859943855,normal
2025-07-16 11:30:00+08:00,1645.098584790794,2075.6125856839694,-298.38413400885634,-132.1298668843192,0.18049719421375898,normal
2025-07-16 11:40:00+08:00,1337.5003532322266,2075.6903156417275,-484.32350105018867,-253.8664613593121,0.2660142742867067,normal
2025-07-16 11:50:00+08:00,1174.2229998557032,2075.7523122269695,-232.25047606178563,-669.2788363094808,0.5578316483894827,normal
2025-07-16 12:00:00+08:00,998.5431779979476,2075.7992007072103,-482.0848195222363,-595.1712031870263,0.5057727878382998,normal
2025-07-16 12:10:00+08:00,1934.918024797228,2075.8297976012564,-570.4276914436919,429.5159186396636,0.2140456942285034,normal
2025-07-16 12:20:00+08:00,2415.9074482010465,2075.840222400186,-429.9029201390909,769.9701459399512,0.4532067414285954,normal
2025-07-16 12:30:00+08:00,1423.8884107103984,2075.8234258715825,-715.7398906559617,63.80487549477766,0.042857669095060384,normal
2025-07-16 12:40:00+08:00,1765.916422588517,2075.772970949978,-664.1332869779856,354.2767386165242,0.16119194872650103,normal
2025-07-16 12:50:00+08:00,1372.027027058728,2075.6856501933216,-686.8367892966471,-16.821833837946542,0.09949602658945554,normal
2025-07-16 13:00:00+08:00,1862.3879006732684,2075.558644935025,-384.46458256200765,171.29383830025108,0.032650786508090376,normal
2025-07-16 13:10:00+08:00,1675.6994741395083,2075.389709009892,-214.0198401731489,-185.670394697235,0.2181081494394331,normal
2025-07-16 13:20:00+08:00,1729.7077867758203,2075.177314426128,-474.950544960318,129.48101731001043,0.0032782681119661893,normal
2025-07-16 13:30:00+08:00,991.187613884844,2074.921161222222,-885.8622576190279,-197.87128971835,0.2266789897934127,normal
2025-07-16 13:40:00+08:00,1582.7204998422262,2074.622444040925,-349.4735683583735,-142.42837584032532,0.18773165332460306,normal
2025-07-16 13:50:00+08:00,2402.5654457510377,2074.280643944279,-162.3954766993726,490.68027850613134,0.25701221126365653,normal
2025-07-16 14:00:00+08:00,1665.5933960974917,2073.892524768226,-568.9773798835878,160.6782512128534,0.025193587504870194,normal
2025-07-16 14:10:00+08:00,1466.819014597788,2073.453709277004,-726.3676041668726,119.7329094876568,0.003569547212580182,normal
2025-07-16 14:20:00+08:00,1271.1524429876306,2072.9598934305764,-698.2556047959118,-103.55184564703404,0.16042180980683488,normal
2025-07-16 14:30:00+08:00,1135.7031805716333,2072.408037651308,-896.8757203884179,-39.829136691256736,0.11565811300935497,normal
2025-07-16 14:40:00+08:00,1519.829179504587,2071.7962447941864,-312.7961419037114,-239.17092338588782,0.2556910062257908,normal
2025-07-16 14:50:00+08:00,2346.524334543775,2071.1219227753804,-73.93692697116407,349.33933873955857,0.1577235420205999,normal
2025-07-16 15:00:00+08:00,2437.639229721492,2070.382204021475,-772.4932827686548,1139.7503084686718,0.7129685649355945,normal
2025-07-16 15:10:00+08:00,1472.966564512128,2069.572605176005,-836.6414290650521,240.03538840117517,0.08094010057730272,normal
2025-07-16 15:20:00+08:00,1536.1927371333204,2068.688776514142,-842.1280298873659,309.6319905065443,0.12983006846836714,normal
2025-07-16 15:30:00+08:00,2810.442576594509,2067.7266148295575,779.9439495175891,-37.22798775263777,0.11383086736456871,normal
2025-07-16 15:40:00+08:00,1357.5148163006593,2066.6809726118786,-178.87177687925688,-530.2943794319624,0.460198352674681,normal
2025-07-16 15:50:00+08:00,2144.417540851625,2065.5474513067775,-284.98973032129,363.8598198661375,0.16792383678450884,normal
2025-07-16 16:00:00+08:00,3081.539041627233,2064.3239010818825,-346.1363894861519,1363.3515300315025,0.87004313771515,normal
2025-07-16 16:10:00+08:00,1411.236460705623,2063.0103140910596,-466.8428257863769,-184.9310275990597,0.21758876152973639,normal
2025-07-16 16:20:00+08:00,2185.548420619788,2061.6085993661163,154.57018291782867,-30.630361664157135,0.10919619098863421,normal
2025-07-16 16:30:00+08:00,1554.883845130884,2060.120280470618,-477.28088827807215,-27.955547061661946,0.10731719695624523,normal
2025-07-16 16:40:00+08:00,997.4054922780164,2058.5467278335354,-399.56647962256363,-661.5747559329554,0.5524197140299827,normal
2025-07-16 16:50:00+08:00,1431.1367199470355,2056.888438564458,-496.9462994650486,-128.80541915237382,0.17816184826361822,normal
2025-07-16 17:00:00+08:00,1668.108303716656,2055.1464331655043,-118.34583912152654,-268.69229032732164,0.2764290686915686,normal
2025-07-16 17:10:00+08:00,1682.5251902674097,2053.32203456926,-472.5985019821615,101.80165768031156,0.01616582775772002,normal
2025-07-16 17:20:00+08:00,1420.3779269767194,2051.417450104787,-828.309763774486,197.27024064641864,0.050898595139706425,normal
2025-07-16 17:30:00+08:00,4435.297298236891,2049.4362227711968,-598.1231063112257,2983.9841817769197,2.008499267902166,mild
2025-07-16 17:40:00+08:00,962.0281641309411,2047.3815174084175,-1046.2709496304171,-39.08240364705921,0.11513355069669003,normal
2025-07-16 17:50:00+08:00,924.1620952558656,2045.2564247838734,-987.7765674063419,-133.31776212166596,0.18133166253915084,normal
2025-07-16 18:00:00+08:00,952.6281200203414,2043.064385322422,-1187.503788825549,97.06752352346848,0.019491445099923482,normal
2025-07-16 18:10:00+08:00,826.7487688685557,2040.809736498013,-1169.3039926177833,-44.75697501167406,0.11911980294779197,normal
2025-07-16 18:20:00+08:00,1870.4435600957256,2038.4990356780463,-1035.5602698287776,867.5047942464571,0.5217225263910837,normal
2025-07-16 18:30:00+08:00,897.9706136845168,2036.139185881652,-1161.6816578755459,23.51308567841056,0.07116169904487507,normal
2025-07-16 18:40:00+08:00,853.1601996484942,2033.738865433064,-1245.5781562206926,64.99949043612287,0.042018480336446444,normal
2025-07-16 18:50:00+08:00,826.8776035701535,2031.3076028855571,-1179.7461641469786,-24.68383516842505,0.1050188966862551,normal
2025-07-16 19:00:00+08:00,825.2399017682308,2028.8552117212294,-1211.5695250742046,7.954215121206062,0.08209143783889405,normal
2025-07-16 19:10:00+08:00,858.8985777562461,2026.3906987850887,-1212.565653681219,45.07353265237634,0.05601599468019511,normal
2025-07-16 19:20:00+08:00,955.308834153206,2023.9217226680103,-1215.5521312214034,146.9392427065991,0.015542258784699593,normal
2025-07-16 19:30:00+08:00,962.8652997741624,2021.4558444390227,-1209.1789869711688,150.58844230630848,0.018105735245630344,normal
2025-07-16 19:40:00+08:00,979.706189153716,2019.0015097542675,-1209.5643373041385,170.26901670358689,0.03193087356062887,normal
2025-07-16 19:50:00+08:00,986.3376541428354,2016.5671349874247,-1175.0415212637045,144.81204041911496,0.014047949459433346,normal
2025-07-16 20:00:00+08:00,975.366705363013,2014.1596333474156,-1116.4131518050444,77.62022382064174,0.033152713456094524,normal
2025-07-16 20:10:00+08:00,872.0705626145875,2011.7853450433179,-1017.2769305974581,-122.43785183127216,0.17368878273375904,normal
2025-07-16 20:20:00+08:00,949.6185770427657,2009.4509626501226,-913.2470199796586,-146.58536562769837,0.19065184038948957,normal
2025-07-16 20:30:00+08:00,1104.79171621106,2007.1658222013566,-1012.1918236037425,109.8177176134459,0.010534735134111153,normal
2025-07-16 20:40:00+08:00,1446.269306115079,2004.9412917799284,-860.3234650892169,301.6514794243674,0.12422394807227076,normal
2025-07-16 20:50:00+08:00,1510.2579170541503,2002.7897846897165,-767.9175838823603,275.3857162467941,0.10577287029635168,normal
2025-07-16 21:00:00+08:00,1186.8691569897155,2000.7249781784135,-981.4665023844954,167.6106811957975,0.030063455702746506,normal
2025-07-16 21:10:00+08:00,1185.5680865786744,1998.760562598587,-945.5184538413786,132.32597782146604,0.005276785623580175,normal
2025-07-16 21:20:00+08:00,1156.1173540618574,1996.9066489636,-746.4005959626786,-94.38869893906394,0.15398491583813909,normal
2025-07-16 21:30:00+08:00,953.1410676812754,1995.1695035649304,-985.3066211008252,-56.721814782829824,0.12752482006842533,normal
2025-07-16 21:40:00+08:00,913.6177570741808,1993.5529227728994,-902.7120212089033,-177.22314448981524,0.21217415584038812,normal
2025-07-16 21:50:00+08:00,923.5441861616614,1992.0565585703353,-370.52174000928267,-697.9906323993912,0.5780010064682763,normal
2025-07-16 22:00:00+08:00,979.61709702279,1990.6771608961483,-800.0086579491135,-211.05140592424482,0.23593770988338364,normal
2025-07-16 22:10:00+08:00,950.4337652484784,1989.4114363288124,-940.4854503886584,-98.49222069167558,0.15686754287245505,normal
2025-07-16 22:20:00+08:00,871.7697737711194,1988.2565304543255,-1146.1788925387173,29.692135855511196,0.06682106235260729,normal
2025-07-16 22:30:00+08:00,982.7929667634944,1987.207627648988,-1022.049706653041,17.63504576754758,0.0752908831402336,normal
2025-07-16 22:40:00+08:00,894.373215518347,1986.258745432407,-1132.5155179670958,40.62998805303573,0.05913747972705655,normal
2025-07-16 22:50:00+08:00,986.5714161074122,1985.4054057850014,-973.183383062392,-25.650606615197148,0.10569803077557638,normal
2025-07-16 23:00:00+08:00,999.0183693261692,1984.6442689895946,-1083.6598850810574,98.03398541763204,0.018812528463992655,normal
2025-07-16 23:10:00+08:00,1017.5594436913084,1983.9738899695913,-1096.35324475003,129.93879847174685,0.0035998485572951598,normal
2025-07-16 23:20:00+08:00,1096.0945071649803,1983.3950809781747,-955.1271586227624,67.82658480956775,0.0400325133644746,normal
2025-07-16 23:30:00+08:00,1326.7636206095358,1982.9086631079801,-1080.35087976942,424.20583727097596,0.21031548758391708,normal
2025-07-16 23:40:00+08:00,988.3904446484938,1982.5137329427082,-782.8707683873661,-211.25251990684842,0.2360789877023359,normal
2025-07-16 23:50:00+08:00,954.5034460946076,1982.2074901433039,-826.6223367310604,-201.08170731763585,0.22893423227074458,normal
2025-07-17 00:00:00+08:00,1115.1950570044437,1981.9886794173444,-532.5553944839317,-334.2382279289691,0.3224735405162504,normal
2025-07-17 00:10:00+08:00,887.1956824663904,1981.8571021429466,-479.22139529376983,-615.4400243827863,0.5200111556245625,normal
2025-07-17 00:20:00+08:00,1248.99994722993,1981.8124229316552,-373.61873575134763,-359.19373995037745,0.34000419782599284,normal
2025-07-17 00:30:00+08:00,2539.7912923850777,1981.8538230526708,-117.20065409838881,675.1381234307958,0.38658948720549546,normal
2025-07-17 00:40:00+08:00,1640.0896221324983,1981.9812857239378,133.9540867089132,-475.8457503003526,0.4219494777378468,normal
2025-07-17 00:50:00+08:00,3083.664859840296,1982.1922941591085,186.08204483697918,915.3905208442081,0.5553611174283282,normal
2025-07-17 01:00:00+08:00,9932.9264247938,1982.4846919054414,4531.842937204049,3418.59879568431,2.3138057609799425,mild
2025-07-17 01:10:00+08:00,2636.6090851388567,1982.8558241943194,1779.446731598878,-1125.6934706543407,0.8784521405271394,normal
2025-07-17 01:20:00+08:00,2119.924010537234,1983.3038493225968,2072.4171341843094,-1935.796972969672,1.447530702102201,normal
2025-07-17 01:30:00+08:00,2525.591471256545,1983.826598351885,616.2824056200816,-74.51753271542157,0.14002589127022944,normal
2025-07-17 01:40:00+08:00,2094.3217413323114,1984.4223636816275,1058.4955647615047,-948.5961871108209,0.7540454849704673,normal
2025-07-17 01:50:00+08:00,1843.864432059909,1985.087928597395,-95.39520651158323,-45.82829002590279,0.11987237642210555,normal
2025-07-17 02:00:00+08:00,2060.561409358393,1985.8154664484778,2478.8532367573825,-2404.107293847467,1.776507632845249,mild
2025-07-17 02:10:00+08:00,1704.97873974179,1986.5945115070228,-259.47091601131746,-22.144855753915408,0.10323532366262506,normal
2025-07-17 02:20:00+08:00,986.7515525204924,1987.4139312838656,-838.5897681647687,-162.07261059860457,0.201531263902182,normal
2025-07-17 02:30:00+08:00,4372.427129669117,1988.263401606315,2320.2128890512527,63.95083901154908,0.042755133174737475,normal
2025-07-17 02:40:00+08:00,4085.1609273673134,1989.130937732999,774.1630250657598,1321.8669645685545,0.840901211067817,normal
2025-07-17 02:50:00+08:00,1925.7643835349088,1990.00388105369,431.9327222920153,-496.1722198107966,0.4362283421025144,normal
2025-07-17 03:00:00+08:00,999.2616669361602,1990.872028421101,-591.8092569308708,-399.80110455407,0.3685299116045124,normal
2025-07-17 03:10:00+08:00,780.5655453653154,1991.728863366943,520.0407007098372,-1731.2040187114649,1.3038089877966963,normal
2025-07-17 03:20:00+08:00,2523.365869693429,1992.5688280911281,535.1070487860786,-4.3100071837777705,0.09070676411289443,normal
2025-07-17 03:30:00+08:00,1814.116031538154,1993.3894114612076,0.0577242880370894,-179.33110421109063,0.21365494771773844,normal
2025-07-17 03:40:00+08:00,846.6922449796443,1994.189451947527,726.1346858794395,-1873.6318928473222,1.4038612027417912,normal
2025-07-17 03:50:00+08:00,3813.005997897561,1994.9698488675494,1617.4655934754237,200.57055555458783,0.05321698835158343,normal
2025-07-17 04:00:00+08:00,4023.9878987052543,1995.7337373950775,1733.9303421285365,294.32381918164015,0.11907643995914226,normal
2025-07-17 04:10:00+08:00,871.7811744837378,1996.4868675613282,1629.4452629460673,-2754.1509560236577,2.0224050313756337,mild
2025-07-17 04:20:00+08:00,952.9520935298964,1997.2368774853085,1678.4386495899,-2722.723433545312,2.0003279397018794,mild
2025-07-17 04:30:00+08:00,1695.877521404553,1997.9921437368369,1425.3422263712541,-1727.456848703538,1.3011766894397658,normal
2025-07-17 04:40:00+08:00,2402.596598718994,1998.7628939417248,1822.8035439663786,-1418.9698391891095,1.0844718571099217,normal
2025-07-17 04:50:00+08:00,5658.290093392947,1999.558593874834,-111.67172102307303,3770.4032205411854,2.560940053673524,moderate
2025-07-17 05:00:00+08:00,4327.256223117087,2000.3879122428878,3721.7584493115246,-1394.8901384373255,1.0675564365151233,normal
2025-07-17 05:10:00+08:00,7759.709174446929,2001.2596374951002,3040.574158777051,2717.8753781747782,1.8215641235119113,mild
2025-07-17 05:20:00+08:00,3898.9603827375768,2002.1812151790584,2309.9747535794827,-413.19558602096436,0.37793921822328197,normal
2025-07-17 05:30:00+08:00,3485.8946133746235,2003.160256936196,1487.6823512719745,-4.947994833547,0.09115493535644005,normal
2025-07-17 05:40:00+08:00,4522.59206778581,2004.2048195874756,2448.1170462490536,70.27020194928105,0.03831593008476559,normal
2025-07-17 05:50:00+08:00,2358.38453148851,2005.3226494932956,621.9750181306493,-268.9131361354348,0.2765842076515308,normal
2025-07-17 06:00:00+08:00,4075.055359352005,2006.5208196768108,1828.9315828625301,239.60295681266416,0.08063632760796469,normal
2025-07-17 06:10:00+08:00,1508.5335744732297,2007.804292932815,1387.1041193366266,-1886.374837796212,1.4128128203573407,normal
2025-07-17 06:20:00+08:00,4242.223637534969,2009.1766838888234,1694.345160780267,538.7017928658788,0.2907461899940236,normal
2025-07-17 06:30:00+08:00,4047.545584362048,2010.6400435784176,2071.3755537729257,-34.470012989295356,0.11189345528488077,normal
2025-07-17 06:40:00+08:00,1989.0567440430036,2012.1944794748078,2307.4859892755,-2330.623724707304,1.7248871624903286,normal
2025-07-17 06:50:00+08:00,2767.3815741376275,2013.8386548964536,1618.9557431622302,-865.4128239210563,0.6956111385743434,normal
2025-07-17 07:00:00+08:00,2206.699444532069,2015.569685378875,688.8250129070086,-497.69525375381477,0.43729823744680757,normal
2025-07-17 07:10:00+08:00,2093.039241911203,2017.3831036416682,71.93610074320272,3.720037526332135,0.08506584751402502,normal
2025-07-17 07:20:00+08:00,2392.082956618889,2019.2733368329943,2253.8416414352187,-1881.032021649324,1.4090596183048363,normal
2025-07-17 07:30:00+08:00,4168.764318557959,2021.2336605895587,1241.7642404184382,905.7664175499624,0.5486004123536237,normal
2025-07-17 07:40:00+08:00,3788.518045108505,2023.256766807741,1960.3657253437518,-195.1044470429881,0.22473534821514615,normal
2025-07-17 07:50:00+08:00,3714.43230364358,2025.3350371204672,1676.644864302046,12.452402221066677,0.07893156772702806,normal
2025-07-17 08:00:00+08:00,2416.3451026820194,2027.4614406283824,406.161283701445,-17.27762164780802,0.09981620675221016,normal
2025-07-17 08:10:00+08:00,2561.607392917118,2029.6307218800325,292.63284983530366,239.3438212017818,0.08045429096663141,normal
2025-07-17 08:20:00+08:00,2344.888624102204,2031.8386177045352,148.7706028296627,164.2794035680065,0.027723311912215696,normal
2025-07-17 08:30:00+08:00,2048.0730466387504,2034.0795965863174,-106.86894088093794,120.86239093337076,0.002776113195055803,normal
2025-07-17 08:40:00+08:00,2430.0309269243767,2036.3459228950194,160.5195829681502,233.1654210612071,0.07611411090965789,normal
2025-07-17 08:50:00+08:00,3008.714339105286,2038.6299015431512,280.7425306732223,689.3419068889127,0.3965673093432432,normal
2025-07-17 09:00:00+08:00,2663.2158785782867,2040.9254977984012,945.841379473846,-323.55099869396054,0.314966014597773,normal
2025-07-17 09:10:00+08:00,3372.1291541588685,2043.228308050896,-60.30634276661317,1389.2071888745859,0.888206126889921,normal
2025-07-17 09:20:00+08:00,3041.584323940157,2045.5353446675533,93.22597780234763,902.823001470256,0.5465327321325546,normal
2025-07-17 09:30:00+08:00,1660.8525546553874,2047.8450433052565,-34.661503376552986,-352.3309852733162,0.3351832748835509,normal
2025-07-17 09:40:00+08:00,1809.761341828027,2050.1548880373434,-0.7534838453784198,-239.6400623639379,0.25602056526861,normal
2025-07-17 09:50:00+08:00,1976.7089403115351,2052.4619362386693,17.56652343690961,-93.3195193640438,0.15323384245939314,normal
2025-07-17 10:00:00+08:00,2038.9951136792497,2054.7622851427514,-65.61839831717897,49.85122685367742,0.05265977743640938,normal
2025-07-17 10:10:00+08:00,1065.5302590943345,2057.049475429776,-706.3957493376749,-285.1234669977666,0.2879715819110249,normal
2025-07-17 10:20:00+08:00,1507.440177285186,2059.3145333381703,-262.64519584596326,-289.22916020702087,0.2908557343423045,normal
2025-07-17 10:30:00+08:00,2206.189864401282,2061.5474905873384,-434.67907447098946,579.321448284933,0.3192805377798109,normal
2025-07-17 10:40:00+08:00,2533.8430227659114,2063.7391128018417,-413.2047589661605,883.3086689302304,0.5328243747927384,normal
2025-07-17 10:50:00+08:00,1707.8208183494703,2065.880486344962,-420.348875244593,62.28920724910131,0.043922390211077425,normal
2025-07-17 11:00:00+08:00,2087.766605985116,2067.963089855007,-390.9493033728977,410.7528195030063,0.20086506059729248,normal
2025-07-17 11:10:00+08:00,1933.5315137707685,2069.978605120757,-137.12314478059807,0.6760534306094996,0.08720417438917155,normal
2025-07-17 11:20:00+08:00,1289.7343694159483,2071.920153504701,-636.020431620951,-146.16535246780177,0.19035679107271286,normal
2025-07-17 11:30:00+08:00,5900.959261531746,2073.7831486057394,-309.8244403260646,4137.000553252071,2.8184660144675546,moderate
2025-07-17 11:40:00+08:00,2110.000936736778,2075.5655680535688,-358.09445566617524,392.5298243493844,0.18806383724746936,normal
2025-07-17 11:50:00+08:00,2147.613615996375,2077.2685458286937,-177.5009140489269,247.84598421660803,0.08642685951487929,normal
2025-07-17 12:00:00+08:00,1785.528804054814,2078.892763575017,-518.6848347762312,225.3208752560281,0.0706035029067767,normal
2025-07-17 12:10:00+08:00,1378.5575758520786,2080.437640481598,-554.944440232249,-146.93562439727043,0.19089788889588094,normal
2025-07-17 12:20:00+08:00,2010.064750933189,2081.902121470369,-367.5104832546176,295.673112717438,0.12002428677414775,normal
2025-07-17 12:30:00+08:00,1167.7481967847427,2083.2840305261834,-604.612389816948,-310.92344392449263,0.3060954558557347,normal
2025-07-17 12:40:00+08:00,1530.725452671755,2084.580068440902,-687.2071704696239,133.35255470047696,0.00599793161539981,normal
2025-07-17 12:50:00+08:00,1536.0175271934638,2085.7882623287237,-510.58158867946884,-39.18914645579116,0.11520853499669373,normal
2025-07-17 13:00:00+08:00,2127.283052989792,2086.9049721684046,-195.96324401317074,236.34132483455824,0.07834510824009032,normal
2025-07-17 13:10:00+08:00,1925.143657001537,2087.9279705451204,-225.69392065887766,62.909607115293966,0.04348657396976355,normal
2025-07-17 13:20:00+08:00,1843.833950247819,2088.8564464212136,-463.00799182774426,217.98549565434996,0.06545057212645133,normal
2025-07-17 13:30:00+08:00,1436.0971008200452,2089.69056432691,-794.8963806743432,141.30291716747797,0.01158287332197225,normal
2025-07-17 13:40:00+08:00,1112.8851291410576,2090.4309898405972,-406.98354914160933,-570.5623115579303,0.48848562316092586,normal
2025-07-17 13:50:00+08:00,1628.573080947674,2091.0790393383654,-76.25711251937742,-386.24884587131396,0.35900977022105507,normal
2025-07-17 14:00:00+08:00,1085.0493041752643,2091.636387386255,-759.5196832998548,-247.0673999111359,0.2612380943320094,normal
2025-07-17 14:10:00+08:00,1414.464658856681,2092.105050876096,-728.9036011255289,51.26320910611366,0.05166789327976841,normal
2025-07-17 14:20:00+08:00,961.4997278783152,2092.4879940069877,-629.6619633044153,-501.32630282425725,0.439848963589961,normal
2025-07-17 14:30:00+08:00,977.229539825342,2092.7874037079414,-811.8888575357576,-303.6690063468418,0.30099938493402345,normal
2025-07-17 14:40:00+08:00,1985.976831676268,2093.0050935420622,-338.00337113455987,230.97510926876566,0.07457546864890849,normal
2025-07-17 14:50:00+08:00,1951.1433366058668,2093.1441353104256,-340.81034631972403,198.80954761516523,0.05197992189992058,normal
2025-07-17 15:00:00+08:00,982.3392122732656,2093.2086666487726,-857.3480491009648,-253.5214052745423,0.26577188054341055,normal
2025-07-17 15:10:00+08:00,1493.544586761826,2093.2008179820573,-878.6561510778137,278.9999198575824,0.1083117629022822,normal
2025-07-17 15:20:00+08:00,946.4518140451128,2093.1212832420338,-758.9041784082557,-387.7652907886654,0.36007503693056525,normal
2025-07-17 15:30:00+08:00,4439.986775749436,2092.971607905471,482.55755210426787,1864.4576157396968,1.222058318042475,normal
2025-07-17 15:40:00+08:00,2239.969348641859,2092.753082901626,-229.6368380966374,376.85310383687056,0.177051311645521,normal
2025-07-17 15:50:00+08:00,1696.831137234822,2092.464130580088,-382.22461059499346,-13.408382750272267,0.09709815788572984,normal
2025-07-17 16:00:00+08:00,2019.0702352784688,2092.101626032974,-378.08965891850045,305.0582681639953,0.12661713663397497,normal
2025-07-17 16:10:00+08:00,4553.4183655529305,2091.6634053605558,-537.6412208099504,2999.3961810023247,2.019325833057263,mild
2025-07-17 16:20:00+08:00,2658.6859392669926,2091.149559702537,130.04318089540405,437.4931986690517,0.21964954488638955,normal
2025-07-17 16:30:00+08:00,1400.4004584291738,2090.5617798715207,-346.3998635166307,-343.76145792571606,0.3291633844838521,normal
2025-07-17 16:40:00+08:00,1879.1341858385567,2089.9018900197634,-401.895730834578,191.1280266533713,0.04658383499602171,normal
2025-07-17 16:50:00+08:00,1960.9276905823644,2089.1734232080125,-476.90932475076715,348.66359212511907,0.1572488459969,normal
2025-07-17 17:00:00+08:00,3449.971660187023,2088.3809161144545,-279.03319622952847,1640.6239403020973,1.0648204519105169,normal
2025-07-17 17:10:00+08:00,1568.9687174429855,2087.529211128697,-637.3745454108624,118.81405172515088,0.004215023071263004,normal
2025-07-17 17:20:00+08:00,973.5748279775828,2086.6235197955216,-958.3852854934195,-154.6634063245192,0.19632647303451942,normal
2025-07-17 17:30:00+08:00,1540.214377591221,2085.6693053476665,-773.0827766777144,227.62784892126865,0.07222409737557534,normal
2025-07-17 17:40:00+08:00,1224.4723023157678,2084.6710206400076,-1091.2357434794258,231.0370251551858,0.0746189630955834,normal
2025-07-17 17:50:00+08:00,853.5020047202736,2083.6317247233237,-1116.7422577362615,-113.38746226678859,0.16733109799306836,normal
2025-07-17 18:00:00+08:00,834.571880945806,2082.5523042998907,-1229.153443028643,-18.826980325441582,0.1009045946003204,normal
2025-07-17 18:10:00+08:00,832.2225331728255,2081.43248276583,-1261.4085665298905,12.198616936885628,0.07910984589032188,normal
2025-07-17 18:20:00+08:00,794.7729838156192,2080.2721907274886,-1100.1290443218998,-185.3701625899696,0.21789724348080813,normal
2025-07-17 18:30:00+08:00,824.8356107427088,2079.0705720734013,-1187.6571260166393,-66.57783531405312,0.13444844152016866,normal
2025-07-17 18:40:00+08:00,573.5524779062564,2077.8267556730293,-1276.203573613267,-228.07070415350586,0.24789336459619943,normal
2025-07-17 18:50:00+08:00,771.6941487761098,2076.5398192631283,-1099.7377378878614,-205.10793259915704,0.2317625603612129,normal
2025-07-17 19:00:00+08:00,739.1195279575579,2075.208484844785,-1233.4335816772211,-102.65537521000579,0.15979206051512027,normal
2025-07-17 19:10:00+08:00,743.5631052101669,2073.832159306609,-1191.1723472307212,-139.09670686572076,0.18539123462218618,normal
2025-07-17 19:20:00+08:00,710.0101243354584,2072.4094140219518,-1208.9239312414704,-153.47535844502295,0.19549189748162563,normal
2025-07-17 19:30:00+08:00,707.7551705632336,2070.9384726707367,-1219.0765689769858,-144.10673313051734,0.1889106596488341,normal
2025-07-17 19:40:00+08:00,655.6375699269878,2069.4166502940316,-1212.5718604861,-201.20721988094374,0.22902240187966827,normal
2025-07-17 19:50:00+08:00,1210.348373095455,2067.841816761114,-1165.4224953942692,307.9290517286104,0.1286337942300417,normal
2025-07-17 20:00:00+08:00,1338.442388482841,2066.2117839262633,-1029.1758998889825,301.40650444556013,0.12405185894024866,normal
2025-07-17 20:10:00+08:00,1963.3001878105144,2064.5232135420506,-910.0362512502662,808.8132255187302,0.4804930866803568,normal
2025-07-17 20:20:00+08:00,1451.2311794679322,2062.7725292456203,-858.1620205085195,246.62067073083153,0.08556610575443846,normal
2025-07-17 20:30:00+08:00,1589.578574855268,2060.9551147865463,-994.6250707134797,523.2485307822012,0.2798906386563396,normal
2025-07-17 20:40:00+08:00,1773.5717860573072,2059.0661441632687,-804.4342889926739,518.9399308867123,0.2768639490741819,normal
2025-07-17 20:50:00+08:00,1608.03913252319,2057.1036193317213,-741.1763628343145,292.1118760257832,0.11752260217690429,normal
2025-07-17 21:00:00+08:00,1179.033457886184,2055.0677772118843,-785.9563313096515,-90.07798801604895,0.15095674330904366,normal
2025-07-17 21:10:00+08:00,1334.9762733902162,2052.9616079804737,-982.190185578381,264.2048509881233,0.0979185767395609,normal
2025-07-17 21:20:00+08:00,977.6450851869454,2050.788270778169,-827.6525556414061,-245.4906299498175,0.2601304507050441,normal
2025-07-17 21:30:00+08:00,947.7514533553804,2048.550488713115,-1003.1866932091334,-97.61234214860133,0.15624944899405263,normal
2025-07-17 21:40:00+08:00,1149.2930162101916,2046.2513912490717,-959.2042495787952,62.245874539914894,0.04395283041500504,normal
2025-07-17 21:50:00+08:00,1824.127461104548,2043.8939829303458,-438.3696146430474,218.6030928172495,0.06588441953495063,normal
2025-07-17 22:00:00+08:00,1110.625141005668,2041.4790346415284,-816.9369648632432,-113.91692877261721,0.16770303569816156,normal
2025-07-17 22:10:00+08:00,890.3317276820223,2039.0052624118662,-975.3694549172703,-173.3040798125735,0.20942110554142,normal
2025-07-17 22:20:00+08:00,962.9122883878692,2036.4707080809505,-1161.1193928795606,87.56097318647949,0.02616957200081027,normal
2025-07-17 22:30:00+08:00,932.4426012485684,2033.874769131514,-1068.7510188214922,-32.681149061453425,0.11063682065979859,normal
2025-07-17 22:40:00+08:00,852.7811760934117,2031.2152427700344,-1151.5309973986168,-26.903069278005887,0.10657785619114436,normal
2025-07-17 22:50:00+08:00,806.2949839576075,2028.4893130571636,-1027.752215318493,-194.4421137810632,0.22427007475452995,normal
2025-07-17 23:00:00+08:00,982.9108657478334,2025.6956405990506,-1079.3330473862172,36.548272535000024,0.062004788397027236,normal
2025-07-17 23:10:00+08:00,875.799334441582,2022.8365116846537,-1150.0445424296597,3.007365186588004,0.0855664829869205,normal
2025-07-17 23:20:00+08:00,977.6912316019416,2019.9157378633802,-1000.0967569918975,-42.12774926954103,0.11727283401220183,normal
2025-07-17 23:30:00+08:00,852.2620162928647,2016.9371059913537,-1041.0701417185703,-123.60494797991873,0.17450864019097698,normal
2025-07-17 23:40:00+08:00,917.7907782227472,2013.9041380299323,-876.5705027900536,-219.54285701713138,0.2419027535596717,normal
2025-07-17 23:50:00+08:00,993.4678935658828,2010.8232567848004,-746.6415144611148,-270.7138487578027,0.27784916570444423,normal
2025-07-18 00:00:00+08:00,2148.035887338302,2007.704894244377,-564.6340839701396,704.9650770640646,0.4075422170989896,normal
2025-07-18 00:10:00+08:00,1984.9759753565888,2004.5618154632161,-329.27981869708293,309.6939785904556,0.129873613632073,normal
2025-07-18 00:20:00+08:00,1822.891122399507,2001.4057460580316,-341.73048800694244,163.21586434841765,0.026976200749836473,normal
2025-07-18 00:30:00+08:00,1920.837497766348,1998.247315456754,23.070578487974565,-100.48039617838072,0.1582641891564166,normal
2025-07-18 00:40:00+08:00,1352.4000225929076,1995.0958173244655,44.775026630260506,-687.4708213618185,0.5706110878761542,normal
2025-07-18 00:50:00+08:00,1024.4026342465088,1991.9596001362643,213.4690870328178,-1181.0260529225734,0.9173219716480309,normal
2025-07-18 01:00:00+08:00,2291.796181021234,1988.847031190799,2335.587458337843,-2032.638308507408,1.515559451232792,normal
2025-07-18 01:10:00+08:00,4535.772607618563,1985.7662375406032,1404.7864486473923,1145.2199214305672,0.7168108387534852,normal
2025-07-18 01:20:00+08:00,4837.360066485388,1982.7264033771958,2943.0425943017062,-88.40893119351358,0.14978427034350184,normal
2025-07-18 01:30:00+08:00,3834.611418365843,1979.7364545676319,859.0180686057952,995.8568951924158,0.6118868433860147,normal
2025-07-18 01:40:00+08:00,8312.530339648587,1976.8033489969573,1659.2996907397849,4676.427299911845,3.1974005533096905,moderate
2025-07-18 01:50:00+08:00,2416.1362672814903,1973.9338570067218,484.79856632539617,-42.59615605062777,0.11760187870396159,normal
2025-07-18 02:00:00+08:00,2150.4585344169277,1971.1358733483044,2621.8901780697724,-2442.567517001149,1.803525030508139,mild
2025-07-18 02:10:00+08:00,1011.7960567667396,1968.416808456118,-353.04196806936625,-603.578783620012,0.5116789143584981,normal
2025-07-18 02:20:00+08:00,1209.9100122138404,1965.7825983251696,-755.0594256388717,-0.8131604724574117,0.08825031195481933,normal
2025-07-18 02:30:00+08:00,3568.234644892499,1963.2375465177352,2791.375095195536,-1186.3779968207718,0.921081585730074,normal
2025-07-18 02:40:00+08:00,3200.031223717012,1960.7840535092732,885.3366794465817,353.9104907611568,0.16093466826528002,normal
2025-07-18 02:50:00+08:00,3141.8289412900854,1958.420851921582,1225.413111089741,-42.005021721237654,0.11718662081048808,normal
2025-07-18 03:00:00+08:00,3206.886356646924,1956.1436626316731,-98.1571361971739,1348.8998302124246,0.8598911601939441,normal
2025-07-18 03:10:00+08:00,2902.573404402226,1953.9470774751878,428.03335039175084,520.5929765352873,0.2780251745684803,normal
2025-07-18 03:20:00+08:00,1127.2191458378038,1951.8269385752312,890.7908427509273,-1715.3986354883546,1.2927060796818155,normal
2025-07-18 03:30:00+08:00,1822.749257393737,1949.779915449275,271.55742995561195,-398.5880880111499,0.3676777961557595,normal
2025-07-18 03:40:00+08:00,2663.225112127161,1947.800032537449,929.4072286805767,-213.9821490908646,0.23799648768256507,normal
2025-07-18 03:50:00+08:00,739.6451273634689,1945.8797242196529,1828.2603860695676,-3034.4949829257516,2.2193400836493664,mild
2025-07-18 04:00:00+08:00,4249.687842932712,1944.0111094765207,1878.6185668401563,427.05816661603467,0.2123191815269566,normal
2025-07-18 04:10:00+08:00,3955.3951548727728,1942.1876993327494,1297.3120770730732,715.8953784669504,0.41522049546978834,normal
2025-07-18 04:20:00+08:00,3643.9352822001742,1940.4061790586816,1773.2592801741775,-69.73017703268488,0.13666288706410823,normal
2025-07-18 04:30:00+08:00,3491.2919034522897,1938.6653278041717,813.6232248309868,739.0033508171314,0.43145329983166675,normal
2025-07-18 04:40:00+08:00,3400.6985917015345,1936.9665180604438,1284.387183809836,179.34488983125493,0.03830645990208955,normal
2025-07-18 04:50:00+08:00,1584.2564353652588,1935.3112030652928,-418.17324859396876,67.1184808939347,0.04052993962741806,normal
2025-07-18 05:00:00+08:00,4623.994805605727,1933.7013587687516,2690.3089203610366,-0.015473524060780619,0.08768995572887617,normal
2025-07-18 05:10:00+08:00,3388.6680047943464,1932.1402130570943,2583.7779814524724,-1127.2501897152204,0.8795456988704992,normal
2025-07-18 05:20:00+08:00,4564.989875403319,1930.6325513230113,2512.8131231625302,121.54420091777774,0.0022971577972765063,normal
2025-07-18 05:30:00+08:00,2432.5673904415507,1929.183869900708,502.86328575216135,0.5202347886813641,0.08731363330196679,normal
2025-07-18 05:40:00+08:00,3456.816693631036,1927.797868677932,2000.329937765158,-471.31111281205426,0.41876400208969844,normal
2025-07-18 05:50:00+08:00,3817.7455982944366,1926.4783650279496,423.923579371554,1467.3436538949331,0.9430951466179595,normal
2025-07-18 06:00:00+08:00,2305.9154394036486,1925.2318105047752,1657.1211754789572,-1276.4375465800838,0.9843462906556152,normal
2025-07-18 06:10:00+08:00,3431.004916453707,1924.0642296502688,1784.2829117401734,-277.34222493673497,0.2825054432920665,normal
2025-07-18 06:20:00+08:00,2790.1843716191524,1922.9814163163205,1610.2935649417775,-743.0906096389456,0.6096826744294691,normal
2025-07-18 06:30:00+08:00,3974.732898899512,1921.9902884513083,2011.7268435812666,41.01576686693693,0.05886647922912811,normal
2025-07-18 06:40:00+08:00,3757.506619802596,1921.099853491113,2538.4519808636283,-702.0452145521451,0.5808492545905009,normal
2025-07-18 06:50:00+08:00,4389.941588814598,1920.3210488650045,1623.720101392191,845.9004385574019,0.5065459771919446,normal
2025-07-18 07:00:00+08:00,2664.318971312314,1919.6655143475457,769.733344876636,-25.0798879118679,0.10529711437683678,normal
2025-07-18 07:10:00+08:00,3144.2750775164645,1919.1442602146199,-198.25938791735507,1423.3902052191997,0.9122188878718105,normal
2025-07-18 07:20:00+08:00,3713.660438832946,1918.7673467686545,2292.7126667971447,-497.8195747328532,0.437385569995948,normal
2025-07-18 07:30:00+08:00,2736.8704888174434,1918.543256837118,932.3597262890739,-114.03249430874848,0.16778421775561628,normal
2025-07-18 07:40:00+08:00,7059.658186013385,1918.4783119765734,2815.7578419820884,2325.422032054723,1.5458749244688148,normal
2025-07-18 07:50:00+08:00,3721.280883714899,1918.5759727348438,2051.2741857035003,-248.569274723445,0.2622931258871279,normal
2025-07-18 08:00:00+08:00,2252.4360979717726,1918.8370670526058,276.65980597301956,56.939224946147306,0.04768062631882852,normal
2025-07-18 08:10:00+08:00,2154.3828318518795,1919.2618879053907,636.9952251997037,-401.87428125321503,0.3699862692309989,normal
2025-07-18 08:20:00+08:00,1875.2961580687856,1919.849859218413,294.00930762484273,-338.56300877447006,0.32551159683331476,normal
2025-07-18 08:30:00+08:00,2481.749066498979,1920.5995883272458,-16.742938421922283,577.8924165936555,0.3182766767953897,normal
2025-07-18 08:40:00+08:00,2167.759805907573,1921.510511362982,237.4785243465325,8.770770198058472,0.08151782719870562,normal
2025-07-18 08:50:00+08:00,2433.0480699926284,1922.5828432697458,314.87923379547055,195.585992927412,0.04971545092846798,normal
2025-07-18 09:00:00+08:00,5863.2744465064125,1923.816855799824,638.337471773226,3301.1201189333624,2.231279767461712,mild
2025-07-18 09:10:00+08:00,1652.6190993630448,1925.2119340978193,-100.97136007024062,-171.6214746645337,0.20823911519745952,normal
2025-07-18 09:20:00+08:00,1854.4884213565124,1926.7653944887666,162.21360245858716,-234.49057559084122,0.25240317253137556,normal
2025-07-18 09:30:00+08:00,1879.1669646840385,1928.4745226405144,-87.2749804277444,37.96742247126849,0.061007869111920084,normal
2025-07-18 09:40:00+08:00,958.619128362974,1930.3345623379385,-177.0856708922395,-794.6297630827248,0.6458877114682618,normal
2025-07-18 09:50:00+08:00,1745.4132870995545,1932.3386988260738,94.96084429877921,-281.8862560252985,0.2856975177223602,normal
2025-07-18 10:00:00+08:00,1556.811119754997,1934.4812334407288,13.425279247064449,-391.09539293279636,0.36241435497161034,normal
2025-07-18 10:10:00+08:00,1688.4749527521149,1936.7585884341665,-568.3869351830741,320.1032995010223,0.1371859155216811,normal
2025-07-18 10:20:00+08:00,974.665004273866,1939.1672401486765,-66.01368883343878,-898.4885470413717,0.7188460522397795,normal
2025-07-18 10:30:00+08:00,1366.1788258787512,1941.7014288207781,-190.31991809164882,-385.2026848503781,0.3582748668324528,normal
2025-07-18 10:40:00+08:00,1511.1054605465142,1944.3545877957888,-236.09738277977874,-197.15174446949572,0.22617352626432555,normal
2025-07-18 10:50:00+08:00,2123.4928145614085,1947.1192728269684,-287.846117652569,464.21965938700896,0.23842425179470167,normal
2025-07-18 11:00:00+08:00,3882.049097602594,1949.9867146564081,-218.82727703313793,2150.8896599793234,1.4232700585904658,normal
2025-07-18 11:10:00+08:00,1887.50995665076,1952.9457427293219,15.187316325439932,-80.62310240400188,0.14431490965620491,normal
2025-07-18 11:20:00+08:00,2779.63971798536,1955.9847189510317,-620.491595422843,1444.1465944571717,0.9267997606828496,normal
2025-07-18 11:30:00+08:00,1922.0230945238527,1959.092413070549,-321.3192940087092,284.249975462013,0.11199980286633546,normal
2025-07-18 11:40:00+08:00,2052.825237371204,1962.2570050397187,-231.96965486934795,322.537887200833,0.13889615583329168,normal
2025-07-18 11:50:00+08:00,2054.253076529385,1965.4655084778583,-122.9181125086913,211.70568056021784,0.06103915046179717,normal
2025-07-18 12:00:00+08:00,1175.5116007364936,1968.704274019468,-555.227936055395,-237.96473722757923,0.2548436889607744,normal
2025-07-18 12:10:00+08:00,1479.9712482937798,1971.959410620008,-539.5873708798359,47.599208553607696,0.0542417670601816,normal
2025-07-18 12:20:00+08:00,1411.1383318140029,1975.2200485744474,-305.25960111305073,-258.82211564739373,0.26949550428492863,normal
2025-07-18 12:30:00+08:00,1450.4712608529742,1978.47969886944,-493.4096383353341,-34.598799681131595,0.1119839248917035,normal
2025-07-18 12:40:00+08:00,1211.3104984975716,1981.7361108283071,-710.5105448342443,-59.91506749649125,0.1297680046193406,normal
2025-07-18 12:50:00+08:00,1567.7981422356745,1984.9904436227228,-334.38486475509967,-82.80743663194858,0.1458493528191913,normal
2025-07-18 13:00:00+08:00,2064.745830984664,1988.2454563041229,-7.598508186530677,84.09888286707155,0.028601608615120223,normal
2025-07-18 13:10:00+08:00,1733.079983963927,1991.5040635522093,-237.31611512280287,-21.107964465479654,0.10250693204199107,normal
2025-07-18 13:20:00+08:00,985.844579607302,1994.7684405047385,-451.08233641021224,-557.8415244872242,0.4795495709310439,normal
2025-07-18 13:30:00+08:00,1122.6949632004412,1998.0409192048944,-703.8363235323666,-171.50963247208665,0.2081605487009325,normal
2025-07-18 13:40:00+08:00,2083.524123416728,2001.325387385846,-464.3520641921656,546.5508002230474,0.29625993213171764,normal
2025-07-18 13:50:00+08:00,2061.9675080949137,2004.6260877381922,9.971290700934253,47.370129655787196,0.054402689571053736,normal
2025-07-18 14:00:00+08:00,1034.907785449099,2007.9467723836456,-949.9665384089002,-23.07244852564645,0.10388693565881496,normal
2025-07-18 14:10:00+08:00,3818.122177610674,2011.2912572874725,-731.4382352448176,2538.269155568019,1.6953949975682983,normal
2025-07-18 14:20:00+08:00,1480.87487801591,2014.6608216211498,-561.015660451327,27.229716846087285,0.06855085350135928,normal
2025-07-18 14:30:00+08:00,999.974751121228,2018.0530881885059,-726.8794715728283,-291.1988654944496,0.2922394057478633,normal
2025-07-18 14:40:00+08:00,1149.2918432858269,2021.4635192042397,-363.18172754882517,-508.98994836958764,0.445232493436324,normal
2025-07-18 14:50:00+08:00,945.7682391529884,2024.8868703693117,-607.5917319503135,-471.5268992660099,0.4189155869729553,normal
2025-07-18 15:00:00+08:00,1349.1526605429235,2028.3182784071994,-942.3195499327528,263.15393206847716,0.09718033103957939,normal
2025-07-18 15:10:00+08:00,1156.4816680395354,2031.753554660124,-920.7709277594353,45.49904113884645,0.05571708502639616,normal
2025-07-18 15:20:00+08:00,1057.9184714861954,2035.186280888576,-675.7055645023631,-301.5622449000175,0.2995194348161509,normal
2025-07-18 15:30:00+08:00,895.6440504369878,2038.6102190524675,185.1066398345168,-1328.0728084499965,1.020618841592006,normal
2025-07-18 15:40:00+08:00,969.1272100839606,2042.0197344978483,-280.2970635960889,-792.5954608177988,0.6444586622129206,normal
2025-07-18 15:50:00+08:00,1533.770234605704,2045.408809439863,-479.4938809241094,-32.14469391004968,0.1102599735963828,normal
2025-07-18 16:00:00+08:00,1926.824173448536,2048.770355463645,-410.26120113125864,288.3150191161494,0.11485539994599765,normal
2025-07-18 16:10:00+08:00,1570.280935748218,2052.0964366525563,-608.3409164608094,126.52541555647122,0.00120202774306809,normal
2025-07-18 16:20:00+08:00,2309.4565133111246,2055.3789172284373,105.43503860939057,148.64255747329662,0.016738797146244027,normal
2025-07-18 16:30:00+08:00,2452.296310729647,2058.6094361291457,-215.5451162826765,609.2319908831778,0.3402919869453685,normal
2025-07-18 16:40:00+08:00,1729.4101134260168,2061.7783657289506,-404.1998088670247,71.83155656409099,0.037219115374342616,normal
2025-07-18 16:50:00+08:00,1546.209325161162,2064.876998599641,-457.0176251993165,-61.650048239162516,0.13098678758050286,normal
2025-07-18 17:00:00+08:00,2151.9528744379163,2067.898827366813,-439.8080747972152,523.8621218683188,0.2803216718905931,normal
2025-07-18 17:10:00+08:00,1429.1269798997355,2070.8391463208645,-802.2171267227903,160.5049603016614,0.025071854735917432,normal
2025-07-18 17:20:00+08:00,2001.517333066166,2073.6948134955837,-1088.5883361004885,1016.4108556710707,0.6263255147785384,normal
2025-07-18 17:30:00+08:00,4635.908440221926,2076.4633182177263,-948.1040733358387,3507.5491953400383,2.376291314175224,moderate
2025-07-18 17:40:00+08:00,1652.6172503531477,2079.144581904562,-1136.2921125360133,709.7647809845989,0.41091389565028247,normal
2025-07-18 17:50:00+08:00,2241.6784400444863,2081.7404621225287,-1245.629978518107,1405.5679564400643,0.8996991793774317,normal
2025-07-18 18:00:00+08:00,1974.0851262493616,2084.2531133380385,-1270.827185326865,1160.6591982381883,0.727656565765316,normal
2025-07-18 18:10:00+08:00,1875.9483001548388,2086.685439302132,-1353.4599197533287,1142.7227806060355,0.715056656350356,normal
2025-07-18 18:20:00+08:00,1595.0604457386826,2089.0404520486945,-1164.7459122538041,670.765905943792,0.3835181077690578,normal
2025-07-18 18:30:00+08:00,1188.3437154651112,2091.320985562119,-1213.6370576507984,310.6597875537909,0.13055207159953064,normal
2025-07-18 18:40:00+08:00,1138.467554221481,2093.528031399694,-1306.8406077705704,351.7801305923572,0.159438140603034,normal
2025-07-18 18:50:00+08:00,1436.9630919032038,2095.662452278844,-1019.6903841714463,360.9910237958061,0.16590857535619705,normal
2025-07-18 19:00:00+08:00,1049.593773784406,2097.7242640113486,-1255.2881330081098,207.1576427811674,0.05784426142614451,normal
2025-07-18 19:10:00+08:00,1138.2917007595372,2099.714580678201,-1169.7668624768212,208.34398255815722,0.05867763707740279,normal
2025-07-18 19:20:00+08:00,1735.3508626395794,2101.6357418199873,-1202.2857295392405,836.0008503588328,0.49959175048372056,normal
2025-07-18 19:30:00+08:00,1779.0765407974206,2103.4904115615045,-1228.9989321246555,904.5850613605717,0.5477705375548544,normal
2025-07-18 19:40:00+08:00,1111.7305862788794,2105.279770931507,-1215.6187248439364,222.069540191309,0.06831951687716352,normal
2025-07-18 19:50:00+08:00,979.8597630839738,2107.004047112775,-1155.8710817084718,28.726797679670653,0.06749918960297807,normal
2025-07-18 20:00:00+08:00,934.3371311402728,2108.6635082311045,-941.9133947415297,-232.41298234930196,0.25094371238825297,normal
2025-07-18 20:10:00+08:00,983.8099393423212,2110.25773592842,-802.8178722371315,-323.6299243489675,0.3150214580048122,normal
2025-07-18 20:20:00+08:00,1346.703929715326,2111.7859394499815,-803.2239950883602,38.14198535370497,0.060885242813234264,normal
2025-07-18 20:30:00+08:00,1106.987939618792,2113.244264647071,-977.1940167360849,-29.062308292193848,0.10809467055965272,normal
2025-07-18 20:40:00+08:00,984.4180258489222,2114.6256561035707,-748.6450557110988,-381.56257454354954,0.3557177753849229,normal
2025-07-18 20:50:00+08:00,947.030499291388,2115.9238698039385,-714.4296283335642,-454.4637421789862,0.40692912244927393,normal
2025-07-18 21:00:00+08:00,988.2513814153511,2117.1326748639854,-590.4276878780985,-538.4536055705357,0.46593001617352314,normal
2025-07-18 21:10:00+08:00,986.1854986998604,2118.2477016042258,-1018.9360334065589,-113.12616949780659,0.16714754599915985,normal
2025-07-18 21:20:00+08:00,1190.5825872478977,2119.2672950931174,-908.8728832134731,-19.81182463174673,0.10159642444626689,normal
2025-07-18 21:30:00+08:00,972.4099826587028,2120.191859712042,-1021.0581476773374,-126.72372937600176,0.17669951040160733,normal
2025-07-18 21:40:00+08:00,1761.5568744600218,2121.023657174323,-1015.6750827116509,656.2082999973495,0.37329173369673174,normal
2025-07-18 21:50:00+08:00,1960.11716750452,2121.766158521913,-506.3247791265705,344.6757881091776,0.1544475079373197,normal
2025-07-18 22:00:00+08:00,1766.2819894376066,2122.422479339787,-833.8485571926958,477.7080672905154,0.2478995395150074,normal
2025-07-18 22:10:00+08:00,1134.0546638602696,2122.9926342548124,-1010.2344182590238,21.296447864480797,0.07271883471343935,normal
2025-07-18 22:20:00+08:00,961.560996588286,2123.4751259748723,-1176.0925171134313,14.178387726844903,0.07771910370715847,normal
2025-07-18 22:30:00+08:00,952.9163036533114,2123.8690352592625,-1115.4895887149737,-55.46314289097745,0.1266406328162247,normal
2025-07-18 22:40:00+08:00,905.4960793559734,2124.1727103088365,-1170.4921008865338,-48.184530066329444,0.12152757935493971,normal
2025-07-18 22:50:00+08:00,934.5832583318748,2124.3829289922064,-1082.241049520717,-107.55862113961439,0.16323647488031617,normal
2025-07-18 23:00:00+08:00,997.7848009660952,2124.495608461493,-1074.999029663629,-51.71177783176836,0.12400538753492892,normal
2025-07-18 23:10:00+08:00,958.7251777797268,2124.507295626231,-1203.7403162878338,37.95819844132939,0.06101434877491953,normal
2025-07-18 23:20:00+08:00,872.7782401081553,2124.414327593475,-1044.9366734283271,-206.69941405699228,0.23288053846673865,normal
2025-07-18 23:30:00+08:00,873.7281371639568,2124.2113337106402,-1001.7525220301269,-248.73067451655652,0.26240650542670513,normal
2025-07-18 23:40:00+08:00,1199.2072763305034,2123.89388882523,-970.0444402880263,45.35782779329975,0.05581628406371576,normal
2025-07-18 23:50:00+08:00,1396.6999931794098,2123.4620039423976,-666.5317823112515,-60.230228451736366,0.12998939774079105,normal
2025-07-19 00:00:00+08:00,1581.0893438264643,2122.919230861419,-596.5377523436393,54.707865308685086,0.0492481037204376,normal
2025-07-19 00:10:00+08:00,892.987700493763,2122.2726921171893,-179.20203840121854,-1050.0829532222078,0.825337539272798,normal
2025-07-19 00:20:00+08:00,1791.4820538686768,2121.531611244192,-309.8035277053376,-20.24602967017745,0.10190144322225363,normal
2025-07-19 00:30:00+08:00,2470.710226175154,2120.707978962679,163.07616554280415,186.92608166967057,0.04363206796834235,normal
2025-07-19 00:40:00+08:00,2910.8337791667795,2119.814884204808,-44.41578433727477,835.434679299246,0.4991940286972152,normal
2025-07-19 00:50:00+08:00,2473.773876624322,2118.8664437740954,240.82142505090908,114.08600779931749,0.007536362170139843,normal
2025-07-19 01:00:00+08:00,2258.377913008815,2117.8774800953165,139.32994921656783,1.1704836969306598,0.0868568488141641,normal
2025-07-19 01:10:00+08:00,3298.326739548197,2116.8631085640995,1030.0949581049708,151.36867287912673,0.01865382878035434,normal
2025-07-19 01:20:00+08:00,8972.419032320904,2115.837483147695,3813.6071672542625,3042.974381918947,2.049938489122546,mild
2025-07-19 01:30:00+08:00,3285.494909383525,2114.812268280719,1101.9141078753216,68.76853322748411,0.03937081686617074,normal
2025-07-19 01:40:00+08:00,2408.46606166069,2113.7972066287352,2260.37619800086,-1965.7073429689053,1.4685420300210328,normal
2025-07-19 01:50:00+08:00,4508.11098922259,2112.7987317557518,1065.007572469316,1330.3046849975226,0.8468285102227595,normal
2025-07-19 02:00:00+08:00,4782.834984668839,2111.82341154522,2764.9818483919425,-93.9702752683238,0.1536909830999233,normal
2025-07-19 02:10:00+08:00,1636.4236063092687,2110.876768365713,-446.6750913044226,-27.77807075202145,0.10719252404381464,normal
2025-07-19 02:20:00+08:00,1110.3255985236804,2109.9648230744538,-671.6008009417183,-328.03842360905514,0.3181183245292318,normal
2025-07-19 02:30:00+08:00,2142.1139353782646,2109.094018261525,3262.667841828377,-3229.647924711637,2.3564304123311266,moderate
2025-07-19 02:40:00+08:00,2645.4142609407204,2108.2716770196535,996.491473724747,-459.3488898036801,0.4103608231830655,normal
2025-07-19 02:50:00+08:00,4406.022735724315,2107.505547501062,2019.1240283148977,279.39315990835485,0.10858800474274787,normal
2025-07-19 03:00:00+08:00,2191.764679768165,2106.8013704612,395.52441612559096,-310.56110681862583,0.30584092260359763,normal
2025-07-19 03:10:00+08:00,2251.211223170313,2106.1613377196127,335.97288364039906,-190.92299818969855,0.22179797923460387,normal
2025-07-19 03:20:00+08:00,4538.512808352364,2105.587449969933,1246.5666144277752,1186.358743954656,0.7457098891587596,normal
2025-07-19 03:30:00+08:00,3086.9294996406807,2105.0825602348823,542.9051837984937,438.9417556073049,0.2206671218952837,normal
2025-07-19 03:40:00+08:00,3331.1237405623915,2104.6498953976547,1132.6294808787202,93.84436428601657,0.021755638276886858,normal
2025-07-19 03:50:00+08:00,2125.85047651484,2104.2922102092803,2038.9601826372623,-2017.4019163317025,1.5048562458792012,normal
2025-07-19 04:00:00+08:00,3967.996561374478,2104.0095240368287,2023.127754772942,-159.14071743529257,0.1994716782575073,normal
2025-07-19 04:10:00+08:00,2893.489743699753,2103.7992881873874,965.225332390831,-175.5348768784654,0.2109881877497987,normal
2025-07-19 04:20:00+08:00,3489.445087028763,2103.6584092025073,1868.1597951733902,-482.37311734713467,0.42653479879773437,normal
2025-07-19 04:30:00+08:00,2229.3405574030567,2103.5822475431473,201.92924948742635,-76.1709396275171,0.14118737054361166,normal
2025-07-19 04:40:00+08:00,2903.3603434399965,2103.56597996176,745.8821450688008,53.912218409435354,0.04980702686007668,normal
2025-07-19 04:50:00+08:00,1315.612909334515,2103.6058050255774,-724.7022792098206,-63.290616481241614,0.13213924799167226,normal
2025-07-19 05:00:00+08:00,2395.3509264040117,2103.6980273250206,1658.857396923179,-1367.204497844188,1.0481079284170873,normal
2025-07-19 05:10:00+08:00,4174.664695047312,2103.8397053747753,2126.843806559251,-56.01881688671392,0.12703098066349927,normal
2025-07-19 05:20:00+08:00,2361.6010585923605,2104.029754274856,2715.582834744005,-2458.0115304265005,1.8143740848819636,mild
2025-07-19 05:30:00+08:00,3380.8375451299357,2104.266951125476,-482.0551014731015,1758.6256954775608,1.1477138956577166,normal
2025-07-19 05:40:00+08:00,3997.550719775918,2104.5490624083563,1552.6205551084447,340.3811022591167,0.15143059264318226,normal
2025-07-19 05:50:00+08:00,2541.439850669733,2104.8719609876166,226.09789139944618,210.46999828267008,0.06017111287022907,normal
2025-07-19 06:00:00+08:00,3478.68014157751,2105.2306535048792,1485.2197047415364,-111.77021666890573,0.1661950211881584,normal
2025-07-19 06:10:00+08:00,4571.984115571595,2105.619333355203,2181.4960510300366,284.8687311863555,0.11243446413686295,normal
2025-07-19 06:20:00+08:00,3504.647952502496,2106.0312788304327,1526.1903300593672,-127.5736563873038,0.17729656403691835,normal
2025-07-19 06:30:00+08:00,2539.667843967536,2106.458537663226,1952.1176615776449,-1518.9083552733346,1.1546763023648927,normal
2025-07-19 06:40:00+08:00,2721.9973776981,2106.892961634771,2769.3888988245126,-2154.2844827611834,1.6010130132376401,normal
2025-07-19 06:50:00+08:00,2302.963637022847,2107.3263460511566,1628.4581577045578,-1432.8208667328677,1.0942018765560915,normal
2025-07-19 07:00:00+08:00,3266.718876648647,2107.7513329556755,850.8823196711875,308.08522402178414,0.12874350157447756,normal
2025-07-19 07:10:00+08:00,1747.656810040837,2108.1610858270524,-468.2855706086573,107.78129482244185,0.011965274008898241,normal
2025-07-19 07:20:00+08:00,2268.103604633445,2108.549447954375,2331.383284745618,-2171.829128066548,1.6133377118535401,normal
2025-07-19 07:30:00+08:00,2802.1284880579237,2108.9112330231587,623.0265533678437,70.19070166692154,0.038371777153937185,normal
2025-07-19 07:40:00+08:00,2291.74468175575,2109.2427449518364,3671.3990820918916,-3488.8971452879778,2.5385468617889795,moderate
2025-07-19 07:50:00+08:00,1990.1303686865135,2109.542578220209,2426.1315839064437,-2545.5437934401393,1.8758634306073474,mild
2025-07-19 08:00:00+08:00,3554.35427442079,2109.8121936249026,147.1866578341472,1297.3554229617398,0.8236824324799868,normal
2025-07-19 08:10:00+08:00,2842.191084897661,2110.0544562148625,981.2236322983308,-249.08700361553247,0.26265681819601544,normal
2025-07-19 08:20:00+08:00,2081.378138287003,2110.27214249349,439.2253766247831,-468.11938083127006,0.4165218858176831,normal
2025-07-19 08:30:00+08:00,2140.272745722127,2110.4693740597336,73.30993278586985,-43.50656112347633,0.11824141674796035,normal
2025-07-19 08:40:00+08:00,1931.4149091961597,2110.6534211610256,314.3358566910697,-493.5743686559356,0.43440341307286684,normal
2025-07-19 08:50:00+08:00,2403.3603128750747,2110.8332727267943,348.84699662458286,-56.31995647630265,0.12724252410700576,normal
2025-07-19 09:00:00+08:00,2444.6190767292755,2111.01713987757,330.94908939325785,2.652847458447468,0.08581552331103522,normal
2025-07-19 09:10:00+08:00,2170.0472886928574,2111.2108049455705,-141.57823504833388,200.4147187956205,0.053107516711996414,normal
2025-07-19 09:20:00+08:00,2923.5117555894467,2111.4175221908054,231.23311434215134,580.8611190564898,0.32036212010289983,normal
2025-07-19 09:30:00+08:00,2020.4495396468108,2111.6384208517275,-139.73707728122008,48.54819607630361,0.05357512575715677,normal
2025-07-19 09:40:00+08:00,1966.5161615208835,2111.8735530323925,-353.3048640774406,207.94747256593155,0.05839909818035937,normal
2025-07-19 09:50:00+08:00,1844.7581184700025,2112.1218016732737,172.26772448194575,-439.631407685217,0.3965097580663401,normal
2025-07-19 10:00:00+08:00,2312.0091803635214,2112.382433784533,92.32105497689099,107.30569160209734,0.012299374029130925,normal
2025-07-19 10:10:00+08:00,1623.918988617825,2112.656897003186,-430.26905724081183,-58.46885114454881,0.1287520718170042,normal
2025-07-19 10:20:00+08:00,2108.77320504029,2112.9484007884453,130.7387072210394,-134.91390296919462,0.1824529137558,normal
2025-07-19 10:30:00+08:00,2129.421363079902,2113.261574860252,54.040518135061895,-37.88072991541185,0.1142894033047408,normal
2025-07-19 10:40:00+08:00,2068.81527467214,2113.6012547105997,-59.08280852383493,14.296828485375045,0.07763590187393153,normal
2025-07-19 10:50:00+08:00,1758.261926290303,2113.9717867982,-155.5230385200013,-200.18682198789543,0.22830559647943174,normal
2025-07-19 11:00:00+08:00,1777.4613698646322,2114.377140488365,-46.82263373922916,-290.0931368845038,0.291462657536009,normal
2025-07-19 11:10:00+08:00,1663.0465032415618,2114.821311247448,167.6005372857721,-619.3753452916585,0.5227756255419947,normal
2025-07-19 11:20:00+08:00,1157.4017265839848,2115.3079756169745,-604.839312331213,-353.06693670177674,0.3357002633660108,normal
2025-07-19 11:30:00+08:00,2111.780705135152,2115.841016005909,-332.77232547522914,328.7120146044722,0.14323333439356473,normal
2025-07-19 11:40:00+08:00,1943.99833368158,2116.4226031840553,-105.91825954083536,-66.50600996163985,0.13439798590786833,normal
2025-07-19 11:50:00+08:00,2234.081214439946,2117.0521616239157,-68.45252231832828,185.48157513435854,0.042617336271773075,normal
2025-07-19 12:00:00+08:00,1697.2296451136267,2117.7282052582755,-591.7051097119696,171.20654956732096,0.032589468236492225,normal
2025-07-19 12:10:00+08:00,2150.165367345817,2118.449062563905,-524.3106126287147,556.0269174106265,0.3029166804645068,normal
2025-07-19 12:20:00+08:00,2077.978840415742,2119.2122838976697,-243.18691653244687,201.95347305051928,0.05418845520379724,normal
2025-07-19 12:30:00+08:00,2034.5546368861703,2120.0142414968327,-382.0846881157543,296.6250835050919,0.12069302375028869,normal
2025-07-19 12:40:00+08:00,1682.007169093528,2120.850133471093,-734.0476593181394,295.2046949405744,0.11969523435811467,normal
2025-07-19 12:50:00+08:00,2304.7237309690536,2121.714870097405,-158.22345240863774,341.2323132802867,0.15202854826507478,normal
2025-07-19 13:00:00+08:00,2318.8076775293293,2122.604759692991,180.6421708630838,15.560746973254481,0.07674802901203817,normal
2025-07-19 13:10:00+08:00,1617.074993169459,2123.516710348611,-248.91443215850208,-257.52728502064997,0.26858591637616797,normal
2025-07-19 13:20:00+08:00,1993.3510533886224,2124.4480519352537,-439.1876840199964,308.0906854733653,0.1287473381151184,normal
2025-07-19 13:30:00+08:00,1074.9077219229307,2125.397276415929,-612.7529563767473,-437.7365981162509,0.3951786991326556,normal
2025-07-19 13:40:00+08:00,1636.4612279509452,2126.3633208269166,-521.458678016218,31.556585140246625,0.06551133080095442,normal
2025-07-19 13:50:00+08:00,1378.8570269700429,2127.3464715724585,96.24895785979867,-844.7384024622143,0.6810878461906317,normal
2025-07-19 14:00:00+08:00,1147.9578366172047,2128.3486580819153,-1140.2835916973436,159.89277023263276,0.024641805683052388,normal
2025-07-19 14:10:00+08:00,1242.6549967671403,2129.372969361785,-733.9982099993777,-152.71976259526718,0.19496110925755036,normal
2025-07-19 14:20:00+08:00,1639.2136574858805,2130.4232314160645,-492.3039080113002,1.094334081116358,0.086910342119289,normal
2025-07-19 14:30:00+08:00,1828.4292303706263,2131.5042195509113,-641.8442937804938,338.76930460020867,0.1502983428866266,normal
2025-07-19 14:40:00+08:00,1722.8406482957016,2132.6204848754246,-388.37983128190103,-21.40000529782219,0.10271208382360376,normal
2025-07-19 14:50:00+08:00,978.6108934117284,2133.7761337525667,-874.4011566174273,-280.764083723411,0.28490921820560416,normal
2025-07-19 15:00:00+08:00,971.2341509114542,2134.9741864202465,-1027.412199725472,-136.32783578332032,0.18344616813592146,normal
2025-07-19 15:10:00+08:00,1229.8490945614997,2136.218345704234,-962.9865302473958,56.61727910466152,0.047906785662485435,normal
2025-07-19 15:20:00+08:00,1981.7071431618367,2137.5120234242963,-592.5385070830131,436.7336268205536,0.21911596361718036,normal
2025-07-19 15:30:00+08:00,2174.838596051444,2138.8571252715733,-112.37392886835855,148.3553996482292,0.016537075561820134,normal
2025-07-19 15:40:00+08:00,1783.2430999382111,2140.254916735613,-330.87253707408485,-26.13927972331703,0.10604131208303211,normal
2025-07-19 15:50:00+08:00,1392.8742842479492,2141.707245151675,-576.8543871644254,-171.9785737393006,0.20848996885656274,normal
2025-07-19 16:00:00+08:00,1716.2554589241577,2143.2161488916104,-442.6409842690737,15.680294301620961,0.07666404983965773,normal
2025-07-19 16:10:00+08:00,1105.247718085196,2144.78289521319,-678.9502430070228,-360.58493412097096,0.340981478846517,normal
2025-07-19 16:20:00+08:00,1139.136993703097,2146.407003689499,80.76619649444008,-1088.036206480842,0.8519988025679053,normal
2025-07-19 16:30:00+08:00,2011.786264499662,2148.086983650953,-84.66634740054667,-51.63437175074432,0.12395101159269385,normal
2025-07-19 16:40:00+08:00,1700.6197091423635,2149.8208563853113,-406.4598949933538,-42.741252249594254,0.11770380535402773,normal
2025-07-19 16:50:00+08:00,2006.269245417291,2151.605733688946,-437.25344177242107,291.9169535007659,0.11738567371055597,normal
2025-07-19 17:00:00+08:00,1821.8035265936885,2153.4377730828,-600.561257637015,268.9270111479036,0.10123578263186281,normal
2025-07-19 17:10:00+08:00,1092.5830022381388,2155.31213252432,-967.129090450684,-95.60003983549723,0.15483585418484305,normal
2025-07-19 17:20:00+08:00,880.3584156820364,2157.2231240263236,-1218.943306051981,-57.921402292306084,0.12836750193861238,normal
2025-07-19 17:30:00+08:00,823.5763359537907,2159.164635129811,-1123.2357024222438,-212.35259675377642,0.2368517656842636,normal
2025-07-19 17:40:00+08:00,736.9476112419947,2161.130305555016,-1181.4345652587826,-242.7481290542387,0.2582039086516969,normal
2025-07-19 17:50:00+08:00,818.2245556253904,2163.113819342313,-1374.421428108013,29.53216439109019,0.06693343852504152,normal
2025-07-19 18:00:00+08:00,901.2185797571644,2165.110180736125,-1312.5204047858488,48.6288038068883,0.05351850073178426,normal
2025-07-19 18:10:00+08:00,766.1032206945695,2167.115426524913,-1445.4345660500924,44.42236021974895,0.056473427922043615,normal
2025-07-19 18:20:00+08:00,806.095915995264,2169.1258475404834,-1229.3947121935073,-133.63521935171207,0.18155466873937082,normal
2025-07-19 18:30:00+08:00,666.7445036630113,2171.1390310763054,-1239.6201337610946,-264.7743936521995,0.27367683888648087,normal
2025-07-19 18:40:00+08:00,788.4749802095389,2173.1534899604603,-1337.4583719281643,-47.22013782275735,0.12085011659962808,normal
2025-07-19 18:50:00+08:00,817.7539165892654,2175.1682348587997,-939.6073224387956,-417.80699583073874,0.3811786246125634,normal
2025-07-19 19:00:00+08:00,753.2604663831464,2177.1829626791855,-1277.126585626105,-146.79591066993407,0.19079974330490693,normal
2025-07-19 19:10:00+08:00,786.2917828087094,2179.1975678318736,-1148.3568754530602,-244.54890957010412,0.2594689143981876,normal
2025-07-19 19:20:00+08:00,587.7840184440997,2181.2133175489294,-1195.6559125181946,-397.77338658663507,0.36710548766252254,normal
2025-07-19 19:30:00+08:00,758.170100678693,2183.2328808677557,-1238.9541965496105,-186.10858363945226,0.21841596681366046,normal
2025-07-19 19:40:00+08:00,839.1864507219523,2185.260020882161,-1218.70775265897,-127.36581750123833,0.1771505621322439,normal
2025-07-19 19:50:00+08:00,727.2101728557054,2187.2997115882595,-1146.4380626474765,-313.65147608507755,0.30801183396475307,normal
2025-07-19 20:00:00+08:00,596.6387814657262,2189.358489378059,-854.7155990677414,-738.0041088445914,0.6061095278534717,normal
2025-07-19 20:10:00+08:00,1753.370806069447,2191.4443958152933,-695.626747826469,257.5531580806228,0.09324591970126801,normal
2025-07-19 20:20:00+08:00,1805.39007916164,2193.56577045962,-748.3837889143219,360.208097616342,0.1653585882215217,normal
2025-07-19 20:30:00+08:00,1348.6824338999704,2195.730697665611,-959.9050729527462,112.85680918710568,0.008399845140066904,normal
2025-07-19 20:40:00+08:00,1597.8890416613228,2197.9466233995313,-693.0107778835953,92.95319614538676,0.022381662830714466,normal
2025-07-19 20:50:00+08:00,1515.7147299281232,2200.218413818116,-687.731157572749,3.2274736827562265,0.08541186197117145,normal
2025-07-19 21:00:00+08:00,2221.3222020785606,2202.5485204280235,-394.8835617638223,413.6572434143595,0.20290534974176988,normal
2025-07-19 21:10:00+08:00,1170.363688006817,2204.936610322212,-1055.7829262126859,21.210003897291244,0.07277955955707287,normal
2025-07-19 21:20:00+08:00,1723.8361304503474,2207.3815438895344,-990.004616899901,506.459203460714,0.2680965330703033,normal
2025-07-19 21:30:00+08:00,1629.3184825919018,2209.882120432509,-1038.885836127406,458.32219828679854,0.23428142477289446,normal
2025-07-19 21:40:00+08:00,991.5211291170334,2212.4361954571036,-1072.084064745681,-148.83100159438936,0.19222934657492546,normal
2025-07-19 21:50:00+08:00,1808.2306987431932,2215.041803285994,-574.3160799265875,167.50497538378704,0.02998919986842767,normal
2025-07-19 22:00:00+08:00,1093.973917415203,2217.698143287644,-850.7248949829166,-272.9993308895246,0.2794546628789516,normal
2025-07-19 22:10:00+08:00,1685.8338815112634,2220.4051388386765,-1045.0163292130214,510.4450718856083,0.2708965114229254,normal
2025-07-19 22:20:00+08:00,952.8215978334335,2223.1630483721183,-1191.1149838034626,-79.22646673522195,0.14333380611182803,normal
2025-07-19 22:30:00+08:00,2413.0783245115463,2225.9719713746445,-1162.2871817585162,1349.3935348954183,0.8602379760638149,normal
2025-07-19 22:40:00+08:00,978.6823416995636,2228.8327588302045,-1189.4116865776143,-60.73873055302647,0.13034660844724152,normal
2025-07-19 22:50:00+08:00,1351.9191547679743,2231.745681003886,-1136.6183062193356,256.79177998342357,0.09271106958504147,normal
2025-07-19 23:00:00+08:00,984.7307722466672,2234.708868617304,-1070.6947206889615,-179.2833756816749,0.2136214195540058,normal
2025-07-19 23:10:00+08:00,981.9063880181116,2237.716910911197,-1257.4389813358684,1.628458442783085,0.08653513238056948,normal
2025-07-19 23:20:00+08:00,987.517857505693,2240.7627562598914,-1089.6869787795945,-163.55791997460392,0.202574658629858,normal
2025-07-19 23:30:00+08:00,1076.588457900183,2243.8400530863614,-962.4731469687079,-204.77844821747067,0.23153110537125712,normal
2025-07-19 23:40:00+08:00,976.039276927258,2246.9426791372025,-1063.2927580222072,-207.6106441877373,0.2335206560944074,normal
2025-07-19 23:50:00+08:00,1956.2962645525768,2250.0618800095203,-586.2355901413879,292.4699746844444,0.11777415802006562,normal
2025-07-20 00:00:00+08:00,1407.1457703439694,2253.1857835704513,-628.2516351113308,-217.78837811515132,0.24067027360248228,normal
2025-07-20 00:10:00+08:00,2368.1347328935144,2256.30028445076,-28.92381427852143,140.75826272127597,0.011200266447771315,normal
2025-07-20 00:20:00+08:00,3591.0982210103866,2259.3922984210417,-277.8287401875649,1609.53466277691,1.0429809693210998,normal
2025-07-20 00:30:00+08:00,2028.065147394541,2262.4476205629985,302.6983422410577,-537.080815409515,0.4649656635346995,normal
2025-07-20 00:40:00+08:00,2232.395224136196,2265.451426175457,-133.53753335459635,100.48133131533496,0.017093325819934356,normal
2025-07-20 00:50:00+08:00,2392.6455436923416,2268.3900493799897,268.11391723752905,-143.85842292517736,0.1887362275990091,normal
2025-07-20 01:00:00+08:00,5523.89614319348,2271.2499477791025,-2056.9314300470432,5309.577625461421,3.6421736909331397,severe
2025-07-20 01:10:00+08:00,2797.219277628105,2274.0189007722433,655.3661033627977,-132.16572650693615,0.18052238475101645,normal
2025-07-20 01:20:00+08:00,4651.265180607962,2276.6870529583007,4684.072111200319,-2309.493983550658,1.7100440187815178,normal
2025-07-20 01:30:00+08:00,6260.8852174695785,2279.2475440686962,1345.0473292556137,2636.590344145269,1.764463308479158,mild
2025-07-20 01:40:00+08:00,5371.679358148087,2281.696000337611,2861.896010693078,228.0873471173977,0.07254688399697878,normal
2025-07-20 01:50:00+08:00,3964.089765184857,2284.0316321408627,1645.242661131277,34.81547191271693,0.06322203987514935,normal
2025-07-20 02:00:00+08:00,5306.512685540984,2286.2563644866923,2908.1458589125705,112.11046214172165,0.008924136297689395,normal
2025-07-20 02:10:00+08:00,1911.0882969220877,2288.3737179643404,-540.3714792280167,163.08605818576416,0.02688501498886235,normal
2025-07-20 02:20:00+08:00,1903.2536785389816,2290.3885129334626,-588.24814318369,201.113308789209,0.053598259669588665,normal
2025-07-20 02:30:00+08:00,6107.891997053988,2292.304881577658,3734.1476942579525,81.4394212183779,0.030469817560368703,normal
2025-07-20 02:40:00+08:00,3493.138276339409,2294.12666533886,1107.5653511853334,91.4462598152154,0.023440249982489687,normal
2025-07-20 02:50:00+08:00,2171.7245948856216,2295.858032962699,2813.221092536856,-2937.354530613933,2.151101212055348,mild
2025-07-20 03:00:00+08:00,3506.512568776347,2297.5036460146853,889.2464365165586,319.76248624510345,0.13694650226536298,normal
2025-07-20 03:10:00+08:00,2463.7633722698783,2299.0683247949682,243.78236275364654,-79.08731527873624,0.1432360555028359,normal
2025-07-20 03:20:00+08:00,3962.965010395988,2300.555545079755,1602.4863250166363,59.923140299596525,0.04558449631525566,normal
2025-07-20 03:30:00+08:00,2988.480615695439,2301.9660407151214,814.1040247794679,-127.58944979915032,0.17730765853542416,normal
2025-07-20 03:40:00+08:00,882.9163948013736,2303.2998541106267,1335.8068904771242,-2756.1903497863773,2.0238376572878245,mild
2025-07-20 03:50:00+08:00,4442.624442281647,2304.5569999395825,2249.496681846585,-111.42923950452041,0.16595549279001698,normal
2025-07-20 04:00:00+08:00,4236.484053889304,2305.738320185523,2167.324623405965,-236.57888970218437,0.2538701638321211,normal
2025-07-20 04:10:00+08:00,9595.099746667433,2306.8441975442142,633.1486526225789,6655.10689650064,4.587376198923394,severe
2025-07-20 04:20:00+08:00,4736.817511899975,2307.8734258322042,1963.1659354817043,465.77815058606666,0.2395190550232426,normal
2025-07-20 04:30:00+08:00,1834.003345902348,2308.824257126498,-409.7587132844381,-65.06219793971195,0.13338374209053486,normal
2025-07-20 04:40:00+08:00,2328.632421191804,2309.6933196989353,207.23581484423215,-188.29671335136345,0.21995307621441623,normal
2025-07-20 04:50:00+08:00,3248.4539136379744,2310.476616284211,-1031.286444933873,1969.2637422876364,1.2956821445901838,normal
2025-07-20 05:00:00+08:00,8755.750504824384,2311.1702164066023,627.4017263888835,5817.178562028897,3.998751350467234,severe
2025-07-20 05:10:00+08:00,2368.958676923672,2311.770266853309,1669.688829264561,-1612.5004191941978,1.2204225149892078,normal
2025-07-20 05:20:00+08:00,5228.163397607415,2312.2735384218718,2918.279366418826,-2.3895072332825293,0.08935765829344149,normal
2025-07-20 05:30:00+08:00,5123.6613396705925,2312.677717770833,-1467.0871820170348,4278.070803916795,2.9175645310149694,moderate
2025-07-20 05:40:00+08:00,7866.968460325672,2312.9817992203302,1105.0869764547724,4448.899684650569,3.037567781767011,moderate
2025-07-20 05:50:00+08:00,7609.769827211721,2313.1857225508857,28.643314958374596,5267.940789702461,3.612924798002144,severe
2025-07-20 06:00:00+08:00,6721.86927525731,2313.2897983161006,1313.1308914665321,3095.4485854746767,2.0868003767627603,mild
2025-07-20 06:10:00+08:00,4902.663308230864,2313.296551728137,2578.8049911358085,10.56176536691828,0.08025969542718553,normal
2025-07-20 06:20:00+08:00,3890.759130129094,2313.210727076177,1442.0088486956963,135.53955435722037,0.007534247179111872,normal
2025-07-20 06:30:00+08:00,5952.49749617845,2313.0392522154284,1892.5615766486821,1746.8966673143395,1.1394745306176661,normal
2025-07-20 06:40:00+08:00,5483.167908041143,2312.7900496305747,3000.331797136695,170.04606127387342,0.0317742526413586,normal
2025-07-20 06:50:00+08:00,3867.085067637821,2312.4718367018572,1633.1480182570738,-78.53478732110989,0.1428479176729693,normal
2025-07-20 07:00:00+08:00,4546.177775886636,2312.094243267792,932.421014073787,1301.6625185450566,0.8267080653184019,normal
2025-07-20 07:10:00+08:00,5782.487550372498,2311.667613454403,-738.0570422625026,4208.876979180597,2.868957504705108,moderate
2025-07-20 07:20:00+08:00,4757.833817135812,2311.202569705053,2369.814802895969,76.81644453478975,0.03371734940509259,normal
2025-07-20 07:30:00+08:00,4941.285203964401,2310.709326436572,313.7940692962458,2316.7818082315835,1.5398053714661357,normal
2025-07-20 07:40:00+08:00,7048.408958144057,2310.1966341984894,4527.42549656245,210.78682738311772,0.06039367782425353,normal
2025-07-20 07:50:00+08:00,5387.481366630768,2309.671271614629,2801.334691844323,276.4754031718162,0.10653834960373201,normal
2025-07-20 08:00:00+08:00,5214.728961231607,2309.137314064944,17.75825033211334,2887.8333968345496,1.9409556142419468,mild
2025-07-20 08:10:00+08:00,3829.980351720671,2308.595109801403,1325.2636230469825,196.12161887228558,0.05009171549389667,normal
2025-07-20 08:20:00+08:00,3473.2153952886288,2308.0420494683744,584.4027778076295,580.7705680126251,0.32029851013498295,normal
2025-07-20 08:30:00+08:00,2203.318148838711,2307.4736358807495,163.21996056892044,-267.3754476109591,0.275504017810161,normal
2025-07-20 08:40:00+08:00,2832.5103980958834,2306.8836510150004,391.01386176475535,134.61288531612763,0.006883284081860716,normal
2025-07-20 08:50:00+08:00,2395.2746457770377,2306.2642795521724,382.5389361482504,-293.528569923385,0.2938759680408597,normal
2025-07-20 09:00:00+08:00,2467.560161509145,2305.6064017280505,23.757228586000796,138.19653119509348,0.009400710603493581,normal
2025-07-20 09:10:00+08:00,3977.930947716353,2304.900436094919,-182.05386352167127,1855.0843751431053,1.2154738380831116,normal
2025-07-20 09:20:00+08:00,2432.841411709906,2304.1375791862006,300.31931442016116,-171.61548189645555,0.2082349054195385,normal
2025-07-20 09:30:00+08:00,2280.6331108764875,2303.308800812628,-191.966798765769,169.29110882962868,0.031243916394446368,normal
2025-07-20 09:40:00+08:00,1946.996102791816,2302.40737104545,-529.3144913759685,173.90322312233457,0.03448381766633496,normal
2025-07-20 09:50:00+08:00,3030.009971911732,2301.429053647649,249.46129426992078,479.1196239941619,0.2488911247336825,normal
2025-07-20 10:00:00+08:00,4247.059868592366,2300.3691559903737,171.04806353155917,1775.642649070433,1.1596679033188906,normal
2025-07-20 10:10:00+08:00,3717.079083601439,2299.222452869433,-292.02200090126604,1709.878631633272,1.1134702355646173,normal
2025-07-20 10:20:00+08:00,3041.647085251608,2297.9832972046584,327.68044827599124,415.98333977095854,0.2045393774492357,normal
2025-07-20 10:30:00+08:00,2716.1155204026177,2296.6484031002105,298.4026188034863,121.06449849892078,0.0026341374075694833,normal
2025-07-20 10:40:00+08:00,2378.1583374016204,2295.215327183901,117.80197621879368,-34.85896600107435,0.11216668558178834,normal
2025-07-20 10:50:00+08:00,2053.961051204459,2293.683860484039,-23.49789798163895,-216.22491129794116,0.23957197511980027,normal
2025-07-20 11:00:00+08:00,2433.539035816521,2292.055684972521,124.97442750489192,16.50892333910815,0.07608195752752131,normal
2025-07-20 11:10:00+08:00,3077.506359543496,2290.335521867302,320.12931016068006,467.04152751551374,0.24040654745313833,normal
2025-07-20 11:20:00+08:00,2108.5543372605744,2288.528840115005,-589.0296002892462,409.0550974348157,0.19967245097425187,normal
2025-07-20 11:30:00+08:00,1539.5704274436816,2286.6412021825345,-344.18228097301886,-402.888493765834,0.3706987295476906,normal
2025-07-20 11:40:00+08:00,2102.6387660367704,2284.6779076978773,19.985377325468367,-202.02451898657546,0.22959653518248718,normal
2025-07-20 11:50:00+08:00,1831.5111570017648,2282.643723473807,-14.161490793171321,-436.97107567887065,0.3946409377154136,normal
2025-07-20 12:00:00+08:00,3417.178701081897,2280.543038227386,-628.0624903082054,1764.6981531627162,1.1519796536439701,normal
2025-07-20 12:10:00+08:00,1336.354587776682,2277.8642351024637,-509.13087399939576,-432.37877332638595,0.39141495386322617,normal
2025-07-20 12:20:00+08:00,1849.24712646549,2275.2263855550596,-181.35854709515385,-244.62071199441561,0.25951935390403835,normal
2025-07-20 12:30:00+08:00,1973.5056172383304,2272.6399711521726,-270.5660800408067,-28.56827387303565,0.10774762305792043,normal
2025-07-20 12:40:00+08:00,997.5111867956608,2270.1085922847556,-757.8992084507274,-514.6981970383672,0.44924240319755515,normal
2025-07-20 12:50:00+08:00,2098.690329486655,2267.631807923188,17.912366008019735,-186.85384444455258,0.21893949491315962,normal
2025-07-20 13:00:00+08:00,1730.1217061054194,2265.2072914889904,368.6760512389291,-903.7616366225002,0.722550273027998,normal
2025-07-20 13:10:00+08:00,2231.199847159566,2262.8319319964944,-260.488714559474,228.85662972254568,0.07308728684319671,normal
2025-07-20 13:20:00+08:00,1730.348291743407,2260.5024051288306,-427.3170830121974,-102.8370303732263,0.15991966897341325,normal
2025-07-20 13:30:00+08:00,2207.5307078102624,2258.2153008372757,-521.6450307223976,470.96043769538437,0.2431594892213552,normal
2025-07-20 13:40:00+08:00,3944.668085623307,2255.9673815128795,-578.206505864122,2266.9072099745495,1.5047696451001495,normal
2025-07-20 13:50:00+08:00,2719.6851141968414,2253.7554815734297,182.5921086894578,283.3375239339539,0.1113588272359243,normal
2025-07-20 14:00:00+08:00,4163.642595005619,2251.5766475232817,-1330.3961689429402,3242.462116425278,2.1900739072268633,mild
2025-07-20 14:10:00+08:00,1587.9076922380518,2249.4280743604286,-736.6092242323415,75.08884210996484,0.03493094927237259,normal
2025-07-20 14:20:00+08:00,1978.2350337345729,2247.307186270774,-423.4729502120621,154.4007976758612,0.020783824778285574,normal
2025-07-20 14:30:00+08:00,1725.194174823558,2245.211593812669,-556.7169254517917,36.6995064626808,0.061898550137619704,normal
2025-07-20 14:40:00+08:00,2002.5940813271895,2243.139041847779,-413.5850466619427,173.04008614135319,0.033877484339574535,normal
2025-07-20 14:50:00+08:00,1420.7683842781707,2241.0874251748805,-1141.2693626068847,320.9503217101751,0.13778092860214447,normal
2025-07-20 15:00:00+08:00,2846.167637706844,2239.054719364999,-1112.6771265391521,1719.790044880997,1.120432769090359,normal
2025-07-20 15:10:00+08:00,983.6529273416992,2237.0389495297763,-1005.3689765006536,-248.01704568742343,0.26190519804262286,normal
2025-07-20 15:20:00+08:00,1676.1860418154874,2235.0383163116912,-509.35931883138863,-49.49295566481533,0.12244671740999839,normal
2025-07-20 15:30:00+08:00,1718.585283518632,2233.051274134352,-409.879770723437,-104.58621989228277,0.16114843326412653,normal
2025-07-20 15:40:00+08:00,2035.574563790951,2231.076460997712,-381.3247687380589,185.822871531298,0.042857088923237925,normal
2025-07-20 15:50:00+08:00,1638.7681287228706,2229.112657841932,-674.3525554508574,84.00802633179592,0.028665433183532256,normal
2025-07-20 16:00:00+08:00,1308.7865888863423,2227.1586935722285,-475.3501481520378,-443.0219565338484,0.39889153848848924,normal
2025-07-20 16:10:00+08:00,1729.1597046001764,2225.2134897282326,-749.458260532556,253.40447540449986,0.0903315681856756,normal
2025-07-20 16:20:00+08:00,2101.419705293514,2223.27615100007,55.95974291649925,-177.81618862305504,0.2125907553259231,normal
2025-07-20 16:30:00+08:00,2226.092467799272,2221.3458336790613,46.23899753509122,-41.4923634148804,0.11682649046822013,normal
2025-07-20 16:40:00+08:00,1819.19044318488,2219.4218140634343,-408.6738287975838,8.442457919029493,0.08174845881425012,normal
2025-07-20 16:50:00+08:00,1425.0447085476098,2217.5034660056103,-417.664002624764,-374.79475483323654,0.3509635420125987,normal
2025-07-20 17:00:00+08:00,976.1282504308774,2215.5902526465916,-761.3071726216747,-478.1548295940395,0.4235715513608572,normal
2025-07-20 17:10:00+08:00,981.2920039108204,2213.6818080555154,-1132.163853611994,-100.22595053270106,0.1580854471047793,normal
2025-07-20 17:20:00+08:00,799.8491789657742,2211.7779350141204,-1349.5060601330058,-62.42269591534068,0.13152955430957775,normal
2025-07-20 17:30:00+08:00,941.8821153029686,2209.8785210610176,-1298.5479102385668,30.551504480517906,0.06621737620684466,normal
2025-07-20 17:40:00+08:00,859.9412733162934,2207.983498763098,-1226.749995258882,-121.29223018792254,0.17288401060890915,normal
2025-07-20 17:50:00+08:00,798.0052713624015,2206.0928257511982,-1503.068180365866,94.9806259770694,0.02095744129727981,normal
2025-07-20 18:00:00+08:00,791.6205848898006,2204.206502515979,-1354.2436052887758,-58.342312337402745,0.12866318129604204,normal
2025-07-20 18:10:00+08:00,668.9311710910653,2202.324533794282,-1537.3092365699094,3.9158738666924364,0.08492827711399856,normal
2025-07-20 18:20:00+08:00,834.8646886050674,2200.4469502593265,-1294.1179405600585,-71.46432109420039,0.1378810822765356,normal
2025-07-20 18:30:00+08:00,989.2170447729574,2198.57380539212,-1265.6362630543574,56.2795024351949,0.04814406578859808,normal
2025-07-20 18:40:00+08:00,778.2216895246363,2196.705180875697,-1368.0632900120027,-50.42020133905771,0.12309808557840703,normal
2025-07-20 18:50:00+08:00,1519.592712963754,2194.841163872618,-859.4999053808386,184.25145447197474,0.041753205583395125,normal
2025-07-20 19:00:00+08:00,943.3619815625168,2192.9818508911835,-1298.9586180326385,49.33874870397176,0.053019781222888036,normal
2025-07-20 19:10:00+08:00,1177.8507791754832,2191.1273042751795,-1126.9576002768827,113.68107517718636,0.00782081776560214,normal
2025-07-20 19:20:00+08:00,1142.5377433236204,2189.2775676038136,-1189.067777480457,142.32795320026344,0.012302936905740218,normal
2025-07-20 19:30:00+08:00,978.3082149636962,2187.432656334848,-1248.9734832800275,39.84904190887528,0.05968607593373414,normal
2025-07-20 19:40:00+08:00,966.829675036818,2185.592554000904,-1221.8657875811693,3.102908617083358,0.08549936598540299,normal
2025-07-20 19:50:00+08:00,1074.869916721555,2183.7572388579065,-1137.2048209319405,28.317498795589017,0.0677867123942532,normal
2025-07-20 20:00:00+08:00,1671.4982553206871,2181.926697403344,-767.6276645737004,257.19922249104366,0.09299728831573241,normal
2025-07-20 20:10:00+08:00,1486.380955111823,2180.1009053774283,-588.4589395301216,-105.26101073548352,0.16162245788112323,normal
2025-07-20 20:20:00+08:00,930.6991623065226,2178.279793879592,-693.6798105554949,-553.9008210175746,0.47678131989189565,normal
2025-07-20 20:30:00+08:00,926.3515969647566,2176.463342961065,-942.8348671246791,-307.27687887162915,0.3035338301016892,normal
2025-07-20 20:40:00+08:00,1410.737357272556,2174.651663412385,-637.5945727882836,-126.31973335154544,0.1764157127438728,normal
2025-07-20 20:50:00+08:00,1566.5652968983827,2172.844977110936,-661.1015200933251,54.82183988077213,0.04916803927761758,normal
2025-07-20 21:00:00+08:00,1931.7392509345989,2171.043556237536,-199.2458350808971,-40.05847022203989,0.11581921439386447,normal
2025-07-20 21:10:00+08:00,975.4920503676416,2169.247669413877,-1092.780180222914,-100.97543882332138,0.15861194491292918,normal
2025-07-20 21:20:00+08:00,978.7200704366692,2167.457599663991,-1070.9811915028308,-117.756337724491,0.17040012973291896,normal
2025-07-20 21:30:00+08:00,985.4716284177384,2165.673668391775,-1056.6226781358384,-123.57936183819834,0.17449066653121018,normal
2025-07-20 21:40:00+08:00,999.4088600931004,2163.8962438043627,-1128.4486072137129,-36.03877649754941,0.1129954745678207,normal
2025-07-20 21:50:00+08:00,1097.7490182845968,2162.125736669136,-642.3847902916539,-421.9919280928855,0.38411844060548883,normal
2025-07-20 22:00:00+08:00,1377.6125674293462,2160.362597144741,-867.5785121338954,84.8284824185007,0.02808908217613256,normal
2025-07-20 22:10:00+08:00,910.9410775276342,2158.607364402577,-1079.6591924332397,-168.00709444170298,0.20570009852574386,normal
2025-07-20 22:20:00+08:00,949.8674562838164,2156.860581744771,-1206.2168498361152,-0.7762756248393998,0.08822440122123235,normal
2025-07-20 22:30:00+08:00,961.651960343586,2155.1228281055937,-1209.1564296563058,15.68556189429819,0.07666034948031457,normal
2025-07-20 22:40:00+08:00,1044.6919357643826,2153.3946853541097,-1208.2795676040223,99.57681801429544,0.01772872503350388,normal
2025-07-20 22:50:00+08:00,975.6936671502386,2151.676713983332,-1190.816326497389,14.833279664295787,0.07725905760109117,normal
2025-07-20 23:00:00+08:00,1214.2603377605967,2149.969432228606,-1066.4406708590136,130.73157639100464,0.004156756306305337,normal
2025-07-20 23:10:00+08:00,805.8411100382195,2148.2733271807633,-1311.151850258133,-31.280366884410796,0.10965280429138013,normal
2025-07-20 23:20:00+08:00,1359.0990224904117,2146.588837649746,-1134.3105587298794,346.82074357054535,0.155954288447599,normal
2025-07-20 23:30:00+08:00,1517.1013972196542,2144.916370411433,-923.2361117341661,295.4211385423873,0.11984728087220796,normal
2025-07-20 23:40:00+08:00,1698.7058809256505,2143.2562054258096,-1156.2324592488799,711.6821347487207,0.41226079134817595,normal
2025-07-20 23:50:00+08:00,1677.2533652580005,2141.608473463496,-505.6524269006895,41.29731869519401,0.058668695724951876,normal
2025-07-21 00:00:00+08:00,1656.7728491895791,2139.9731622904096,-659.7567695089853,176.55645640815465,0.03634765133388753,normal
